Job Title,Description,District,Work Mode,url
Software Engineer Senior,,La Victoria,Presencial,https://www.bumeran.com.pe/empleos/software-engineer-senior-grupo-gloria-1117976663.html
Programador Frontend Senior,,Lima,Remoto,https://www.bumeran.com.pe/empleos/programador-frontend-senior-sonda-del-peru-s.a.-1117973000.html
Analista Programador Java,,Lima,Presencial,https://www.bumeran.com.pe/empleos/analista-programador-java-1117972678.html
Analista Programador - Sede ATE,,Ate,Presencial,https://www.bumeran.com.pe/empleos/analista-programador-sede-ate-bumeran-selecta-1117969140.html
Trainee Programador Jr,,Miraflores,Presencial,https://www.bumeran.com.pe/empleos/trainee-programador-jr-building-software-1117968407.html
"Desarrollador Full Stack Node.js, C#, Java, AngularJS",,Lima,Híbrido,https://www.bumeran.com.pe/empleos/desarrollador-full-stack-node.js-c-java-angularjs-ibr-peru-s.a.-1117967655.html
ANALISTA PROGRAMADOR .NET/SQLSERVER,,Lima,Híbrido,https://www.bumeran.com.pe/empleos/analista-programador-.net-sqlserver-integration-quality-project-management-s.a.c.-iq-project-s.a.c.-1117979719.html
Programador Electrico,,Lima,Presencial,https://www.bumeran.com.pe/empleos/programador-electrico-polindustria-s.a-1117979364.html
Java Developer - Senior,,Chorrillos,Híbrido,https://www.bumeran.com.pe/empleos/java-developer-senior-inetum-peru-1117979249.html
Senior React Developer,,Magdalena,Híbrido,https://www.bumeran.com.pe/empleos/senior-react-developer-encora-1117979242.html
Desarrollador Backend Semi-Senior,,Lima,Remoto,https://www.bumeran.com.pe/empleos/desarrollador-backend-semi-senior-metrica-peru-1117979121.html
Desarrollador/ Líder Técnico,,La Victoria,Presencial,https://www.bumeran.com.pe/empleos/desarrollador-lider-tecnico-protiviti-peru-1117978985.html
Desarrollador de integración OSB,,Lima,Remoto,https://www.bumeran.com.pe/empleos/desarrollador-de-integracion-osb-stefanini-peru-s.a-1117978939.html
Desarrollador Java Senior (Azure) - Temporal,,La Molina,Híbrido,https://www.bumeran.com.pe/empleos/desarrollador-java-senior-azure-temporal-indra-peru-1117978869.html
Analista Desarrollador Java - Sector Administración de Fondos Colectivos,,La Victoria,Presencial,https://www.bumeran.com.pe/empleos/analista-desarrollador-java-sector-administracion-de-fondos-colectivos-experis-peru-1117978810.html
Desarrollador Full Stack / Surco / Presencial,,Surco,Presencial,https://www.bumeran.com.pe/empleos/desarrollador-full-stack-surco-presencial-well-consulting-services-1117978454.html
Auditor en Tasador de Joyas,,San Isidro,Presencial,https://www.bumeran.com.pe/empleos/auditor-en-tasador-de-joyas-caja-metropolitana-de-lima-1117977845.html
"Programador Full Stack (Java, React)",,San Borja,Presencial,https://www.bumeran.com.pe/empleos/programador-full-stack-java-react-valtx-1117977502.html
Analista de Imagenes Hospitalarias / Sistemas,,Surco,Presencial,https://www.bumeran.com.pe/empleos/analista-de-imagenes-hospitalarias-sistemas-grupo-san-pablo-1117977289.html
Desarrollador Backend NodeJs Senior,,Lima,Híbrido,https://www.bumeran.com.pe/empleos/desarrollador-backend-nodejs-senior-zoluxiones-sac-1117977115.html
ANALISTA PROGRAMADOR PHP,,Lima,Híbrido,https://www.bumeran.com.pe/empleos/analista-programador-php-canvia-1117976775.html
Desarrollador(a) - Minería - Lurín,,Lurín,Presencial,https://www.bumeran.com.pe/empleos/desarrolladora-mineria-lurin-zamine-peru-1117976772.html
Desarrollador Fullstack,,San Isidro,Híbrido,https://www.bumeran.com.pe/empleos/desarrollador-fullstack-1117976482.html
Analista de Programación,,San Isidro,Presencial,https://www.bumeran.com.pe/empleos/analista-de-programacion-caja-metropolitana-de-lima-1117975863.html
Programador BMS o SCADA,,Lima,Presencial,https://www.bumeran.com.pe/empleos/programador-bms-o-scada-indra-peru-1117975855.html
Analista Desarrollador Full -Stack,,Lima,Presencial,https://www.bumeran.com.pe/empleos/analista-desarrollador-full-stack-gruporpp-s.a.c.-1117968336.html
Analista Programador JAVA,,Miraflores,Híbrido,https://www.bumeran.com.pe/empleos/analista-programador-java-entelgy-1117975157.html
Analista Programador .NET | Visual Basic,,San Isidro,Híbrido,https://www.bumeran.com.pe/empleos/analista-programador-.net-%7C-visual-basic-entelgy-1117975151.html
Analista Desarrollador Java,,La Victoria,Presencial,https://www.bumeran.com.pe/empleos/analista-desarrollador-java-manpowergroup-peru-1117974662.html
Desarrollador Backend NodeJS / AWS,,San Isidro,Híbrido,https://www.bumeran.com.pe/empleos/desarrollador-backend-nodejs-aws-indra-peru-1117974651.html
ANALISTA DE PROGRAMADOR,,Jesús María,Presencial,https://www.bumeran.com.pe/empleos/analista-de-programador-derrama-magisterial-1117974631.html
Desarrollador Full Stack (Java / AWS / React Native),,Cercado de Lima,Híbrido,https://www.bumeran.com.pe/empleos/desarrollador-full-stack-java-aws-react-native-software-enterprise-services-s.a.c.-1117974521.html
Programador BMS,,Lima,Presencial,https://www.bumeran.com.pe/empleos/programador-bms-indra-peru-1117974062.html
Desarrollador FullStack (Lenguaje Go y React Native),,Lima,Híbrido,https://www.bumeran.com.pe/empleos/desarrollador-fullstack-lenguaje-go-y-react-native-software-enterprise-services-s.a.c.-1117949402.html
Desarrollador Mobile React Native,,San Isidro,Híbrido,https://www.bumeran.com.pe/empleos/desarrollador-mobile-react-native-fractal-soluciones-it-1117974334.html
Desarrollador FrontEnd Senior,,San Isidro,Híbrido,https://www.bumeran.com.pe/empleos/desarrollador-frontend-senior-fractal-soluciones-it-1117974205.html
Desarrollador .NET Senior,,Lima,Remoto,https://www.bumeran.com.pe/empleos/desarrollador-.net-senior-fractal-soluciones-it-1117973977.html
Programador,,Miraflores,Presencial,https://www.bumeran.com.pe/empleos/programador-ologgi-s.a.c-1117973857.html
Programador Full Stack c/ exp en IA,,San Borja,Presencial,https://www.bumeran.com.pe/empleos/programador-full-stack-c-exp-en-ia-valtx-1117973381.html
Programador BMS - Automizador,,Lima,Presencial,https://www.bumeran.com.pe/empleos/programador-bms-automizador-indra-peru-1117973373.html
Programador BMS,,Lima,Presencial,https://www.bumeran.com.pe/empleos/programador-bms-indra-peru-1117973363.html
Analista Programador / Sector Educativo,,Cercado de Lima,Híbrido,https://www.bumeran.com.pe/empleos/analista-programador-sector-educativo-inlearning-escuelas-de-educacion-superior-1117973244.html
Programador BMS,,Lima,Presencial,https://www.bumeran.com.pe/empleos/programador-bms-indra-peru-1117973221.html
TÉCNICO DESARROLLADOR DE SISTEMAS,,Chorrillos,Presencial,https://www.bumeran.com.pe/empleos/tecnico-desarrollador-de-sistemas-1117973188.html
ANALISTA PROGRAMADOR SENIOR,,San Borja,Híbrido,https://www.bumeran.com.pe/empleos/analista-programador-senior-adex-1117972522.html
Programador en Oracle Developer,,Lima,Presencial,https://www.bumeran.com.pe/empleos/programador-en-oracle-developer-clbs-1117972036.html
Analista Programador Java / Remoto / Planilla Completa,,Lima,Remoto,https://www.bumeran.com.pe/empleos/analista-programador-java-remoto-planilla-completa-green-solutions-1117971817.html
Fullstack Developer Senior (.NET/Angular),,Surco,Híbrido,https://www.bumeran.com.pe/empleos/fullstack-developer-senior-.net-angular-zutun.-1117971550.html
Analista Programador Java Cloud Senior,,Lima,Remoto,https://www.bumeran.com.pe/empleos/analista-programador-java-cloud-senior-green-solutions-1117971404.html
Desarrollador Backend .NET,,Lima,Remoto,https://www.bumeran.com.pe/empleos/desarrollador-backend-.net-indra-peru-1117971369.html
ANALISTA PROGRAMADOR DE TI,,San Isidro,Presencial,https://www.bumeran.com.pe/empleos/analista-programador-de-ti-seaboard-overseas-peru-s.a.-1117970924.html
Analista Programador Postgre/Oracle/Híbrido,,San Borja,Híbrido,https://www.bumeran.com.pe/empleos/analista-programador-postgre-oracle-hibrido-green-solutions-1117970409.html
Desarrollador Backend JavaScript senior - REMOTO,,San Isidro,Híbrido,https://www.bumeran.com.pe/empleos/desarrollador-backend-javascript-senior-remoto-csti-corp-1117970346.html
Programador Python Junior,,Lima,Híbrido,https://www.bumeran.com.pe/empleos/programador-python-junior-csti-corp-1117970174.html
.NET Developer- Junior,,San Isidro,Híbrido,https://www.bumeran.com.pe/empleos/.net-developer-junior-inetum-peru-1117970031.html
Frontend Developer (REACT/JS/TS),,Pueblo Libre,Remoto,https://www.bumeran.com.pe/empleos/frontend-developer-react-js-ts-zutun.-1117969630.html
Mid Node AWS Engineer,"Información Importante Ubicación: Perú Modalidad de trabajo: Híbrido, asistencia a oficina en Miraflores 2-3 veces por semana Resumen del puesto Como un Mid Node AWS Developer (17274), formarás parte de un equipo tecnológico y ágil altamente calificado por respaldar y desarrollar soluciones de vanguardia para cumplir con los requisitos de nuestro negocio. Nos ayudará a acelerar los resultados empresariales de nuestros clientes mediante la innovación de productos digitales de vanguardia. Requisitos y Habilidades Profesionales de Sistemas, Informática, Desarrollo o afines con +4 años de experiencia como Node Developer. Experiencia trabajando en/con: Desarrollo Servicios Core AWS (EC2, S3, IAM, VPC, Cloudwatch, etc) Desarrollo Servicios AWS Serverless: Dynamo DB, Lambda, API Gateway, RDS, SQS, stepFunctions, ECS Herramientas DevOps: SonarQube, GIT(bitbucket) Microservicios con Docker/Kubernetes Principios SOLID y patrones de diseño Pruebas unitarias Jira y metodologías ágilesAcerca de Encora Encora es el socio preferido de ingeniería digital y modernización de algunas de las principales empresas del mundo y empresas nativas digitales. Con más de 9,000 expertos en 47+ oficinas y laboratorios de innovación en todo el mundo, las prácticas tecnológicas de Encora incluyen Ingeniería y Desarrollo de Productos, Servicios en la Nube, Ingeniería de Calidad, DevSecOps, Datos y Análisis, Experiencia Digital, Ciberseguridad e Ingeniería de IA y LLM. En Encora, contratamos profesionales únicamente en función de sus habilidades y calificaciones, y no discriminamos en función de la edad, discapacidad, religión, género, orientación sexual, estado socioeconómico o nacionalidad.",Miraflores,Híbrido,https://www.bumeran.com.pe/empleos/mid-node-aws-engineer-encora-1117969139.html
Analista de Programación RPG,"¡Somos Izipay! La red multimarca más grande del país, ¡estamos revolucionando el mercado de pagos! Con la meta de hacer crecer por x4 nuestro número de comercios atendidos, necesitamos reforzar nuestro equipo con personas como tú. ¡Ven a sumarte a este desafío como Analista de Programación ¿Cuáles serán tus responsabilidades? Diseñar, programar, probar e implementar soluciones que optimicen los procesos del área. Diagnosticar y corregir problemas en los sistemas existentes. Identificar oportunidades de mejora en las aplicaciones y procesos actuales. Generar y actualizar manuales, guías y diagramas de las soluciones implementadas. Colaborar con equipos multidisciplinarios.Requisitos: ¿Cómo saber que este puesto es para ti? Universitario egresado de Ingeniero de Sistemas y carreras afines. Conocimiento en herramientas de desarrollo: RPG (indipensable). Conocimientos en COBOL (deseable) y AS400. Conocimientos en SQL. Conocimientos en lenguajes de programación Web: Visual Basic, JAVA, etc. (deseable) / Vision Plus (deseable). Conocimientos en inglés técnico a nivel intermedio (deseable) Conocimiento en Microsoft Office a nivel intermedio.",Miraflores,Híbrido,https://www.bumeran.com.pe/empleos/analista-de-programacion-rpg-izipay-1117080379.html
Desarrollador Backend,"More digital. More human. More Minsait. Somos una empresa líder global de tecnología y consultoría digital que conecta personas, tecnología y negocios para generar crecimiento, transformación e impacto positivo y sostenible. Buscamos Desarrollador Backend Pleno con ganas de trabajar en nuestros equipos multidisciplinares. ¿Cuál es el reto que te proponemos? Estarás en contacto continuo con las novedades tecnológicas, impulsando la transformación digital. Participarás en proyectos y desarrollos que tienen una alta visibilidad y que marcan la diferencia con soluciones disruptivas y especializadas para toda la cadena de valor.¿Qué esperamos por tu parte? Formación Académica: Bachiller en Ingeniería de sistemas o afinesExperiencia: Conocimiento Técnico: Java 11 (Medio) Experiencia en Spring Boot. Experiencia en Microsoft Azure Cloud (Apim, acr, aks, redis, akv, sql, mysql). Experiencia en construcciones de pipelines (Azure Devops). Conocimiento Apis Rest. Conocimientos de patrones de diseño. Conocimientos patrones de arquitectura. Deseable haber trabajado proyecto con Open AI.Conocimiento Deseable: Haber trabajado con Marco SCRUMFunciones del puesto Diseñar y desarrollar APIs RESTful Desarrollar pruebas unitarias Configurar y ejecutar los despliegues en ambientes previos Diseñar y ejecutar pruebas de carga - Gestionar y acompañar los pases a producción Monitorear el comportamiento de las APIs en producción Participar en el marco de trabajo ágil SCRUM Stack tecnológico: Backend: Spring Boot, JDK 17, Webflux, WebClient, Redis, JUnit & Mockito, OpenAPI - DevOps: Docker, Kubernetes, Azure (ACR, APIM, AKS, Pipelines), NewRelic Pruebas de carga: JMeter. Motivos por los que te encantará ser un #Minsaiter: Planilla desde el día 1 Lima Carrera profesional y acceso a plataforma de capacitación adaptada a tus necesidades y motivaciones. EPS cubierta al 100% Modalidad de trabajo: 100% remoto.",Lima,Remoto,https://www.bumeran.com.pe/empleos/desarrollador-backend-indra-peru-1117968754.html
"Programador RPA Rocketbot, UiPath","En Valtx, empresa con 24 años de experiencia en el mercado peruano, cuyo objetivo principal es convertirse en un socio estratégico, mediante soluciones tecnológicas en los diversos aspectos de los procesos de negocios; el desarrollo, implementación y mantenimiento de aplicaciones e infraestructura tecnológica para el negocio; y consultoría en diversos procesos de transformación, nos encontramos en la búsqueda de un Programador RPA Analizar y documentar procesos de negocio para identificar oportunidades de automatización en coordinación con las áreas usuarias. Diseñar soluciones de automatización en plataformas Rocketbot y UiPath, aplicando estándares de calidad y marcos de trabajo como REFramework. Desarrollar, probar e implementar bots que sean estables, escalables y seguros, garantizando continuidad operativa. Utilizar técnicas de Computer Vision cuando las interfaces no sean estructuradas o reconocibles por selectores estándar. Realizar pruebas unitarias, integrales y de validación, en conjunto con usuarios y áreas responsables, asegurando la calidad de cada solución. Documentar los desarrollos realizados, incluyendo diagramas de procesos, manuales técnicos y manuales de usuario. Administrar y mantener el versionamiento de los desarrollos mediante herramientas de control de código fuente (Git/Gitlab). Brindar soporte y mantenimiento correctivo o evolutivo a los procesos automatizados ya implementados. Participar en reuniones técnicas con stakeholders internos y externos, proponiendo mejoras y soluciones innovadoras. Cumplir con las normas de seguridad de la información y políticas internas de la organización en todas las etapas del ciclo de vida de los desarrollos.¿Qué requisitos necesito? - Egresado técnico o bachiller universitario en Ingeniería de Sistemas, Informática, Computación o carreras afines. - Mínimo 3 años de experiencia en desarrollo de soluciones RPA utilizando Rocketbot, UiPath y Power Automate. - Deseable experiencia participando en proyectos integración al ERP SAP y a soluciones financieras. Conocimientos técnicos requeridos: Plataformas RPA: Dominio de Rocketbot Studio, su Orquestador, y de UiPath Studio, UiPath Orchestrator y REFramework. Lenguajes de programación: Manejo de Python a nivel intermedio, así como conocimientos en VB.NET o C#. Bases de datos: Conocimientos en SQL Server y MySQL para el manejo de datos en procesos automatizados. Control de versiones: Uso de herramientas como Git y Gitlab para la gestión y versionado de código. Computer Vision aplicado a RPA: Conocimiento de técnicas de reconocimiento de interfaces no estructuradas. Documentación técnica: Buenas prácticas en elaboración de diagramas en Bizagi, manuales técnicos y de usuario. Análisis de procesos de negocio: Capacidad para identificar y evaluar procesos susceptibles de automatización.Deseable: Experiencia en automatización de procesos relacionados con sistemas de gestión financiera. Enfoque estructurado para identificar, rediseñar y optimizar procesos antes de su automatización. Aplicación de estándares y protocolos de seguridad en el desarrollo y despliegue de bots. Conocimiento de alternativas distintas a Rocketbot y UiPath, ampliando la capacidad de integración tecnológica de la organización. Capacidad para diseñar y ejecutar automatizaciones vinculadas a procesos de SAP. Conocimientos de automatización con Power Automate.Disponibilidad para trabajar bajo modalidad presencial de L-V en San Borja ¿Por qué Valtx? Porque creemos que el talento se potencia con propósito. En Valtx no solo desarrollamos tecnología, transformamos negocios y acompañamos a nuestros colaboradores en su desarrollo profesional, promoviendo una cultura colaborativa, cercana y orientada a la excelencia. ¿Estás listo para construir soluciones que marcan la diferencia? Postula hoy y forma parte de un equipo que evoluciona contigo.",San Borja,Presencial,https://www.bumeran.com.pe/empleos/programador-rpa-rocketbot-uipath-valtx-1117968630.html
Soporte Jr y Sr de Plataforma BMC Helix Remedy,"Somos una empresa de Soluciones Digitales y Servicios de TI con 30 años de experiencia en el mercado. Contamos con más de 8 mil colaboradores en Latinoamérica, Estados Unidos y Europa. Somos una empresa de Soluciones Digitales y Servicios de TI con 30 años de experiencia en el mercado. Contamos con más de 8 mil colaboradores en Latinoamérica, Estados Unidos y Europa. Te invitamos a ser parte de nuestro equipo ocupando el cargo de: Analista de Soporte Requisitos indispensables: Experiencia en soporte y seguimiento de incidentes y problemas Conocimiento en BMC Helix y herramientas relacionadas Capacidad para colaborar en la resolución y escalado de casosBeneficios: Pertenecer al grupo América Móvil. Sueldo en planilla 100% desde el primer día. EPS corporativa (opcional). Convenios corporativos.“Global Hitss mantiene una política de contratación inclusiva, por lo que invita a cualquier persona a participar en el proceso de selección en referencia”. ¡Te invitamos a revisar nuestra página web: http://www.globalhitss.com/",La Victoria,Presencial,https://www.bumeran.com.pe/empleos/soporte-jr-y-sr-de-plataforma-bmc-helix-remedy-hitss-peru-1117968539.html
Desarrollador Backend,"Somos Inetum, una compañía de servicios ágiles que proporciona soluciones digitales y un grupo global de tecnólogos que acompaña a sus clientes en el proceso de digitalización aprovechando al máximo el digital flow. Ofrecemos a nuestros clientes una combinación única de proximidad, organización sectorial y soluciones de calidad. Presente en más de 26 países, el Grupo tiene cerca de 27.000 colaboradores y apunta a continuar creciendo. ¡En Inetum acompañamos a nuestros clientes y colaboradores en su camino al éxito! Si te gusta reinventarte y resolver problemas con nuevas estrategias, trabajar en proyectos de IT y de negocios: ¡Postula ahora! Actualmente nos encontramos en búsqueda de 01 Desarrollado Backend para que se integre a nuestro equipo. Profesional en Ingeniería de Sistemas, Computación, Informática o carreras afines. Experiencia mínima de 4 a 5 años en desarrollo con Python, Node.js .Net Lenguajes: Python (3.x) , JavaScript/TypeScript (Node.js LTS) y C# .Net Frameworks: FastAPI o Flask; Express/NestJS. AWS: S3, Lambda, API Gateway/ALB, Step Functions o EventBridge, CloudWatch, IAM; deseable ECS/Fargate o AWS Batch. Datos: Formato Parquet (particionamiento, compresión), DynamoDB (modelado single-table, GSIs, TTL), MongoDB (pipelines de agregación, índices compuestos), Elasticsearch (index templates, mappings, queries, bulk ingestion). Mensajería/eventos: SQS/SNS o Kafka (básico). Testing & calidad: PyTest/Jest, linters (ruff/flake8, eslint), typing (mypy/TS), pruebas de contrato. Arquitectura: Microservicios y datos. SQL modelado de datos pragmático. Cachés (Redis), websockets, y GraphQL Incorporación a planilla con todos los",El Agustino,Remoto,https://www.bumeran.com.pe/empleos/desarrollador-backend-inetum-peru-1117968206.html
Desarrollador Fullstack Java,"Somos una empresa de Soluciones Digitales y Servicios de TI con 30 años de experiencia en el mercado. Contamos con más de 8 mil colaboradores en Latinoamérica, Estados Unidos y Europa. ¡En Hitss, empresa de tecnología con más de 36 años de experiencia ofreciendo soluciones innovadoras en América Latina, USA y EUROPA, nos encontramos en la búsqueda de nuestro próximo ANALISTA PROGRAMADOR JAVA/ANGULAR! REQUISITOS: Bachiller o titulado de Ingeniería de Sistemas, Informática, o carreras afines.SKILSS TÉCNICOS: Experiencia de 3+ años en Java 7 o superior usando frameworks Angular versión 8 o superior (intermedio/avanzado). Spring (intermedio/avanzado), Hibernate (Intermedio),Primefaces (Intermedio). Experiencia en entorno Azure (Servicios en la nube y despliegue). Desarrollo de Webservices REST y SOAP (intermedio). Microservicios (Spring webflux que va de la mano con microservicios). Experiencia en Oracle PLSQL (intermedio). Inglès a nivel intermedio (B1 como mínimo).",La Victoria,Remoto,https://www.bumeran.com.pe/empleos/desarrollador-fullstack-java-hitss-peru-1117967606.html
Programador ABAP / Preencial,"En Experis Perú buscamos al mejor talento para sumarse a los desafíos de la era digital y llevar su carrera a un siguiente nivel. Por ello, te invitamos a que formes parte del reto como Programador ABAP para el sector de consumo masivo para la ciudad del Callao. Requisitos: Profesional de ingeniería de sistemas o afines. Experiencia de 3 años con: Programación ABAP Experiencia con SAP ERP y/o SAP Hana Certificado en ABAP o BTPFunciones Desarrollar y mantener aplicaciones ABAP en el entorno SAP, implementando integraciones entre sistemas SAP y aplicaciones externas. Optimizar el rendimiento y la escalabilidad de soluciones ABAP, así como crear aplicaciones personalizadas y extensiones en SAP Proporcionar soporte técnico y mantenimiento de soluciones ABAP, elaborando la documentación técnica correspondiente. Asegurar el cumplimiento de estándares de calidad y normativas de seguridad en las soluciones desarrolladas.",Callao,Presencial,https://www.bumeran.com.pe/empleos/programador-abap-preencial-experis-peru-1117966739.html
Desarrollador Fullstack (Java/Js) - Remoto,"Protiviti Perú se encuentra en la búsqueda de un Desarrollador Fullstack especializado en microservicios para un cliente del sector retail farmacéutico. Responsabilidades clave: Desarrollar aplicaciones basadas en microservicios utilizando Java (Hibernate y Spring Boot) y Angular. Implementar soluciones siguiendo arquitectura hexagonal para garantizar modularidad y mantenibilidad. Diseñar, desarrollar y consumir APIs RESTful/APIs REST JSON para integrar los microservicios. Trabajar con bases de datos Oracle, MySQL y SQL, optimizando consultas y rendimiento. Colaborar con equipos de QA y DevOps para automatizar pruebas, despliegues y monitoreo de aplicaciones. Realizar revisiones de código y asegurar la calidad y eficiencia de los servicios. Documentar componentes y servicios desarrollados.Requisitos: 3+ años de experiencia como desarrollador Fullstack en entornos de microservicios. Conocimiento en arquitectura hexagonal y buenas prácticas de diseño de software. Experiencia con bases de datos Oracle, MySQL y SQL. Experiencia en APIs RESTful/APIs REST JSON y gestión de microservicios. Experiencia en Azure Devops, Google Cloud Platform.",Lima,Remoto,https://www.bumeran.com.pe/empleos/desarrollador-fullstack-java-js-remoto-protiviti-peru-1117966558.html
Analista Programador,"REQUISITOS: ü Profesional bachiller o egresado de Ingeniería de sistema,Informática ü con amplio compromiso responsabilidad ü Edad 26 - 40 años EXPERIENCIA LABORAL: ü Contar con 3 años como mínimo Analista Programador de sistemas informáticos en .NET y JAVA (desarrollador) ü Experiencia en desarrollo Front End con sólidas habilidades en JavaScript, ü Haber laborado en empresas de rubro industriales y Servicios Hospitalarios.( clínicas , MINSA), ü Conocimientos Funcional de ERP : SAP , Spring. ü Conocimiento de Innovación tecnológica servicios médicos. FUNCIONES: ü Desarrollar y realizar mantenimiento a los Sistemas de la organización corporativa ü Manejo de BD SQL, ( Intermedio/ Avanzado) ü Realizar mejoras y ser participe en los proyectos del cambio del ERP ü Crear, dar mantenimiento y actualizar las bases de datos de los sistemas ü Analizar los requerimientos de los sistemas bajo demanda de prioridades ü Elaborar informes según lo solicite el cliente interno o jefe inmediato. ü Ser comunicativo y analítico con los clientes internos de la organización. ü Establecer mejoras de innovación a los sistemas actuales en la institución de salud corporativa. ü Trabajo presencial",Lima,Presencial,https://www.bumeran.com.pe/empleos/analista-programador-clinica-vesalio-s.a.-1117966201.html
Backend Java - Sector bancario,"En Experis Perú buscamos al mejor talento para sumarse a los desafíos de la era digital y llevar su carrera a un siguiente nivel. Por ello, te invitamos a que formes parte del reto como BACKEND JAVA en el rubro Bancario: BACKEND JAVA Requisitos para postular al cargo: Profesional de las carreras de Ingeniería de sistemas, informática o afines. Experiencia mayor a 5 años en Java y Spring Boot Experiencia mayor a 4 años en Oracle, MySQL y PostgreSQL Experiencia en programación reactiva Experiencia en SOLIDFunciones principales del puesto: Implementa y mantiene la funcionalidad del servidor que da soporte a la aplicación. Crea y administra bases de datos para almacenar y gestionar la información de manera eficiente. Desarrolla y mantiene APIs (interfaces de programación de aplicaciones) para permitir la comunicación entre el frontend (lo que el usuario ve) y el backend (el servidor). Implementa sistemas de autenticación, autorización y protección para salvaguardar los datos y los servidores. Trabaja para mejorar el rendimiento de la aplicación y asegurar que pueda soportar un gran número de usuarios o transacciones.La empresa ofrece al candidato seleccionado Únete a una empresa líder a nivel global Planilla Completa",Lima,Híbrido,https://www.bumeran.com.pe/empleos/backend-java-sector-bancario-experis-peru-1117965923.html
Desarrollador Frontend React - Por Proyecto,"En Indra seguimos creciendo y buscamos Desarroladores Frontend React.js para formar parte de nuestro equipo. Si eres un apasionado de la tecnología, tienes experiencia en plataformas de datos y quieres formar parte de una empresa global en constante innovación, ¡este es tu lugar! 🎯 Requisitos técnicos: Profesional universitario o técnico de Ingeniería de Sistemas, Informática o carreras afines. Experiencia de 3 años a más con React Js (indispensable). Experiencia en preprocesadores CSS. Experiencia en integraciones de APIS (AMPLIFY). Experiencia en patrones de arquitectura (Ej, MVC, Flux, etc). Experiencia en microfrontend. Experiencia con Javascript (one-page lifecycle, anonymous functions, scoping, polifylling). Experiencia con UX/UI (deseable)",San Isidro,Híbrido,https://www.bumeran.com.pe/empleos/desarrollador-frontend-react-por-proyecto-indra-peru-1117965904.html
Desarrollador Full Stack Senior – Ecommerce (Magento),"Buscamos un Desarrollador Full Stack Senior con experiencia en Magento que garantice la operación, evolución y optimización de nuestro ecommerce. Será un socio técnico clave entre el equipo interno y la agencia, responsable de implementar y ajustar soluciones que aseguren un portal ágil, seguro y confiable, fortaleciendo la experiencia de compra y la presencia online de nuestras marcas. Funciones: Monitorear y garantizar el funcionamiento continuo del portal, previniendo caídas a partir del seguimiento de métricas claves de performance. Atender y dar solución directa a problemas reportados por el equipo ecommerce. Priorizar resolución de problemas técnicos y nuevos desarrollos de mejora en función al valor que agreguen al negocio. Implementar modificaciones, personalizaciones y mejoras en Magento, tanto en frontend como backend. Revisar y optimizar código existente para mejorar rendimiento, escalabilidad y seguridad. Implementar nuevas funcionalidades, cambios en la interfaz y ajustes de backend solicitados por el equipo ecommerce. Aplicar actualizaciones y parches de seguridad en Magento, asegurando compatibilidad con integraciones y personalizaciones. Detectar oportunidades de automatización de tareas recurrentes. Configurar herramientas de monitoreo y alertas para identificar problemas e interpretar sus resultados para actuar de forma preventiva. Ser el punto de enlace técnico estratégico entre el equipo ecommerce y el partner de soporte. Validar entregas técnicas de la agencia, asegurando que cumplan con los requisitos y plazos establecidos. Ejecutar pruebas unitarias, de integración, rendimiento y seguridad antes de publicar cambios en producción. Documentar hallazgos y proponer mejoras para prevenir incidencias futuras. Administrar accesos y permisos de usuarios en la plataforma. Implementar buenas prácticas de seguridad para proteger datos e integraciones. Mantener actualizada la documentación técnica de cambios, configuraciones y procedimientos de solución de problemas. Generar guías internas para el equipo ecommerce que faciliten la resolución de incidencias menores sin intervención externa. Planificar, coordinar y ejecutar los pases a producción de mejoras, correcciones y nuevas funcionalidades en Magento. Validar en entorno de prueba (staging) que todos los cambios cumplan con los criterios técnicos y funcionales antes de su despliegue. Asegura que las implementaciones no afecten la estabilidad del portal y que cuenten con respaldo (rollback plan) en caso de contingencias. Requisitos: Estudios culminados en Ingenieria de sistemas, informático o de software. Experiencia minima de 5 años (Indispensable) Certificación Adobe Commerce. Certificación o experiencia comprobada en MAGENTO (frontend y backend). (Indispensable y excluyente) Conocimientos de PHP/My SQL, JavcaScript, HTML5, CSS3, GIT Experiencia comprobada en integraciones de sistemas y en la gestión de proyectos. Ingles a nivel intermedio.",Magdalena del Mar,Híbrido,https://www.bumeran.com.pe/empleos/desarrollador-full-stack-senior--ecommerce-magento-perfumerias-unidas-1117965886.html
Desarrollador Genexus,"SOFTWARE ENTERPRISE SERVICES Somos una empresa peruana de Tecnologías de la Información y Comunicaciones, que cuenta con amplia experiencia en la prestación de servicios informáticos mediante Outsourcing TI y Fábrica de Software, para clientes nacionales e internacionales, asegurando la calidad de servicio con sólidos procesos estandarizados en un sistema integrado de gestión. Nos encontramos en la búsqueda del mejor talento para ocupar la siguiente posición: DESARROLLADOR GENEXUS Requisitos: Universitario Egresado, Titulado, Bachiller o Técnico Egresado, Titulado Carreras de Ingeniería de Sistemas, de Software, Informática, Computación o afines Experiencia de 3 a 5 años mínimo de experiencia Genexus , Bantotal y SQLHerramientas no técnicas: Trabajo en equipo Comunicación EficazBeneficios: Hibrido / remoto Planilla EPS (opcional) Oportunidad de línea de carrera",Cercado De Lima,Remoto,https://www.bumeran.com.pe/empleos/desarrollador-genexus-software-enterprise-services-s.a.c.-1117965079.html
Analista Senior de Automatizaciones e Inteligencia Artificial - Hibrido,"En Cibergestión Perú, empresa de servicios BPO presente en 7 países y con atención a las principales entidades financieras, se encuentra en la búsqueda del mejor talento 💪 para ocupar el puesto de Analista Senior de Automatizaciones e Inteligencia Artificial Misión: Diseñar, desarrollar y mantener soluciones de automatización e inteligencia artificial que mejoren la eficiencia de los procesos internos y productos de software, contribuyendo a la innovación tecnológica de la organización. Algunas funciones: Liderar un pequeño equipo de analistas. Gestionar los procesos de operaciones diarias. Identificar oportunidades de automatización en procesos internos y/o clientes. Colaborar con equipos de desarrollo, QA, producto y negocio.miento del servicio que la empresa disponga. Diseñar y desarrollar scripts, bots o flujos automatizados. Implementar modelos de inteligencia artificial aplicados a NLP, clasificación, predicción o visión computacional según los requerimientos. Integrar automatizaciones con otras aplicaciones mediante APIs o conectores. Monitorear el rendimiento de automatizaciones e IA en producción. Documentar procesos, modelos, arquitecturas y mantenimientos realizadosRequisitos: Estudios universitarios completos en Ingeniería de Sistemas, computación e informatica o afines. Contar como mínimo con 2 años de experiencia en automatización, desarrollo de bots o soluciones de IA. Contar con disponibilidad para realizar teletrabajo mixto (Cuando sea presencial se trabajara en San Isidro).Conocimientos técnicos: Lenguajes de programación: Python (obligatorio), y deseable alguno de JavaScript, Java, C# Experiencia con herramientas de RPA: UiPath, Power Automate, Blue Prism o similare. Conocimiento de la Metodología SCRUM y Kanban. Manejo de APIs REST y bases de datos relacionales/no relacionales. Conocimiento con plataformas cloud (AWS, GCP, Azure) Conocimientos en CI/CD y versionado (Git)Si crees que cuentas con el perfil, te invitamos a postular a esta posición y ser parte de nuestra familia.",San Isidro,Remoto,https://www.bumeran.com.pe/empleos/analista-senior-de-automatizaciones-e-inteligencia-artificial-hibrido-cibergestion-peru-1117964801.html
ANALISTA PROGRAMADOR VB6,"Somos Real Systems, tenemos 30 años de experiencia en el negocio de software empresarial y consultoría. Hemos implementado exitosamente soluciones en empresas de todos los sectores y giros de negocio. Contamos con un sistema de gestión de calidad basado en ISO 9001. Ofrecemos las soluciones de software para empresas, de acuerdo a la normativa y realidad nacional, con visión global. Nos encontramos en búsqueda de un ANALISTA PROGRAMADOR VB6. MISIÓN DEL PUESTO: Diseñar, codificar y mejorar los modelos de software que satisfagan las necesidades de la empresa y los clientes. REQUISITOS: Técnico Titulado - Bachiller Universitario de Ing. de Sistemas, Ing. Software o afines. DOMINIO LENGUAJES DE PROGRAMACIÓN (3 AÑOS MINIMO) VB6, .NET. EXPERIENCIA EN SOFTWARES CONTABILIDAD, PLANILLAS, ACTIVOS FIJOS (DESEABLE).FUNCIONES: Analizar problemas de software y proponer una solución. Codificar programas, preparar formularios, base de datos y otros elementos del software, de acuerdo al caso de uso. Cumplir con el plan de trabajo entregado por el superior inmediato para cada proyecto. Cumplir con los estándares de programación establecidos por la organización. Documentar los programas que se realizan o modifican. Entregar querys, código fuente e instaladores para generar betas o instaladores. Mantenerse actualizado en novedades tecnológicas. Participar en la puesta en marcha del software en el cliente. Participar en la reunión de transferencia de caso de uso.",San Isidro,Presencial,https://www.bumeran.com.pe/empleos/analista-programador-vb6-real-systems-s-a-1117886662.html
Desarrollador Backend,"En Experis Perú buscamos al mejor talento para sumarse a los desafíos de la era digital y llevar su carrera a un siguiente nivel. Por ello, te invitamos a que formes parte del reto como Analista de Software de Integración y Soluciones Digitales para una importante empresa del sector. Funciones: Desarrollar, implementar y dar soporte a las aplicaciones o sistemas asignados a su cargo. Contribuir con la labor de soporte de terceros proveedores de sistemas a cargo del área. Contribuir con el equipo de Calidad en la preparación de los scripts y pruebas unitarias de los productos desarrollados antes de su pase a certificación. Coordinar con las áreas correspondientes las pruebas, certificaciones y puesta en producción de los programas y aplicativos a su cargo. Garantizar la integridad y confidencialidad del contenido y situación de los programas que le sean asignados para su modificación o revisión. Actualizar la documentación de los cambios que se efectúen en el software de los aplicativos a su cargo. Atender las incidencias reportadas por las áreas internas de la empresa.Requisitos: Técnico/Profesional egresado/a de Ingeniería de Sistemas, Software o carreras afines. 3 años de experiencia mín. en el rol o similares. Desarrollo en Java con Spring/Spring Boot - Intermedio / Avanzado. Bases de datos y SQL: MySQL, Oracle - Intermedio Sistemas operativos Linux comandos de terminal/script bash - Básico / Intermedio Control de versiones con Git, github o bitbucket (deseable). Lenguajes de programación Go, Python, C/C++ (deseable).",Miraflores,Remoto,https://www.bumeran.com.pe/empleos/desarrollador-backend-manpowergroup-peru-1117964291.html
Desarrollador full stack .Net,"Buscamos un(a) Desarrollador(a) Full-Stack con experiencia en tecnologías modernas de desarrollo Front-End y Back-End. La persona ideal será capaz de analizar requerimientos, estimar esfuerzos, desarrollar soluciones escalables y mantener sistemas robustos en arquitecturas de microservicios y APIs Restful. Ubicación:Lima Modalidad: Tiempo completo 🔹 Requisitos: 4 años de experiencia como programador o desarrollador de software. Dominio avanzado de: .Net Nivel intermedio en: Java GitLab Docker Nivel intermedio/avanzado en PostgreSQL.🔹 Responsabilidades: Diseñar, desarrollar y optimizar aplicaciones de alto rendimiento. Colaborar con equipos multidisciplinarios para la integración de sistemas. Mantener buenas prácticas de programación, control de versiones y documentación. Proponer mejoras técnicas y funcionales para proyectos en curso.📩 Si cumples con el perfil, postula por este medio",Lima,Presencial,https://www.bumeran.com.pe/empleos/desarrollador-full-stack-.net-ibr-peru-s.a.-1117964229.html
Desarrollador FrontEnd Senior,"Somos Canvia, formamos parte del portafolio de Advent International y contamos con 34 años de presencia en el mercado local. Nuestro propósito es hacer más fácil la vida de las personas, innovando e implementando proyectos de transformación digital de nuestros clientes de manera ágil y segura. ¡Reinventa el futuro con Canvia! Si sientes pasión por la tecnología y quieres transformar negocios, esta es tu oportunidad para desarrollarte en una empresa inclusiva, diversa, que se desafía constantemente. Nuestro propósito es hacer más fácil la vida de las personas, innovando e implementando proyectos de transformación digital con un metodología ágil y segura. Como Analista Programador ANGULAR tendrás la misión de: Desarrollar la interfaz de usuario en Angular con Microfrontends. Integrar con Azure API Management y asegurar la correcta comunicación con el backend. Garantizar accesibilidad y compatibilidad en múltiples dispositivos.* REQUISITOS: Bachiller en la carrera de Ingeniería de sistemas, Ingeniería informática, Ingeniería electrónica, Ingeniería industrial o carreras afines. Experiencia no menor de 4 años como Analista programador o Analista de aplicaciones o similares. Manejo indispensable de ANGULAR, React, Vue,js, Jquery, TypeScripT, JScript.*",Lima,Híbrido,https://www.bumeran.com.pe/empleos/desarrollador-frontend-senior-canvia-1117964197.html
Analista programador,"Nos encontramos en la búsqueda de un: Analista Programador Bachiller en ingenieria de sistemas o afines Experiencia mayor a 4 años como programador Experiencia manejando Java, JavaScript, NestJs Experiencia trabajando en entornos agiles Deseble conocimiento en desarrollo de aplicaciones moviles",Lima,Híbrido,https://www.bumeran.com.pe/empleos/analista-programador-1117964091.html
Backend Developer Senior - CULQI,"¡Nos encontramos en búsqueda de un BACKEND DEVELOPER SENIOR para el equipo Culqi! Culqi es una fintech líder que pertenece al grupo Credicorp, que está revolucionando los pagos digitales en Latinoamérica con soluciones tecnológicas innovadoras y seguras. Misión del puesto: El Developer Backend Senior es responsable de desarrollar y optimizar soluciones escalables y seguras en Node.js, aprovechando AWS y arquitecturas orientadas a eventos para garantizar sistemas eficientes y resilientes. Su misión es construir y mantener servicios robustos, gestionar la comunicación asincrónica mediante eventos, implementar buenas prácticas de seguridad y optimización. ¿Qué esperamos de ti? Desarrollo y mantenimiento de las aplicaciones integradas a bases de datos SQL y no SQL, Desarrolar APIs REST eficientes. Aplicar buenas prácticas de desarrollo y código limpio asi como principios SOLID y patrones de diseño. Implementar flujos de comunicación síncrona y asíncrona eficientes y resilientes. Desplegar las funcionalidades programadas sobre el servicio de EKS en AWS Realizar estimaciones de tareas que se le asignen. Realizar integraciones en los repositorios de código con los otros miembros del equipo. Escribir pruebas unitarias sobre Jest. Documentación de APIs y procesos clave.¿Qué buscamos? Técnico concluido o Universitario concluido en carreras como Ingenieria de Sistemas, Ingenieria de Software o afines. 5 a 7 años de experiencia como Backend Experiencia en el sector financiero o medios de pago (deseable) Seniority Senior en programación en JavaScript con Typescript Seniority Senior en programación con Nodejs Seniority Senior en servicios AWS (Lambda, API Gateway, EKS, S3, EventBridge, Redis, SQS, Cognito) Experiencia en contenedores Docker y Kubernetes. Experiencia en CI/CD con Gitlab Experiencia y conocimientos sólidos en Servicios API Rest Experiencia con bases de datos PostgreSQL y DynamoDB Experiencia escribiendo pruebas unitarias sobre Jest Conocimiento en patrones, principios y buenas prácticas de desarrollo¿Qué",San Isidro,Híbrido,https://www.bumeran.com.pe/empleos/backend-developer-senior-culqi-talent2win-1117963319.html
Analista programador,"La Universidad de San Martin de Porres te invita a participar en la selección de un analista programador: Requisitos: Titulado o Bachiller de la carrera profesional de Ingeniería de Computación y Sistemas. Office nivel avanzado.Programas requeridos: Asp .NET PHP Wordpress SQL Server SCRUM y/o otros lenguajes de programaciónFunciones Específicas: Analizar, diseñar, desarrollar e implementar sistemas de información según las necesidades del Centro. Desarrollar aplicaciones web. Determinar la factibilidad técnica de los requerimientos de los usuarios y las propuestas de implementación de los sistemas de información. Elaborar y actualizar los manuales técnicos y de usuario de los sistemas de información asignados. Registrar en el sistema el avance las labores asignadas por su jefe inmediato. Elaborar reportes periódicos del avance en los proyectos asignados. Brindar soporte técnico de segundo nivel a los incidentes escalados por la mesa de servicios de TI. Capacidad para trabajar en equipo.Condiciones Laborales: Remuneración S/ 2,200 - S/ 3,000 (según evaluación). Horario: Lunes a Viernes de 9:00am - 5:45pm Lugar de trabajo: Jesús María",Jesús María,Presencial,https://www.bumeran.com.pe/empleos/analista-programador-universidad-de-san-martin-de-porres-1117963157.html
Analista Programador (Java Oracle)- Presencial,"Somos una empresa de Soluciones Digitales y Servicios de TI con 30 años de experiencia en el mercado. Contamos con más de 8 mil colaboradores en Latinoamérica, Estados Unidos y Europa. Somos una empresa de Soluciones Digitales y Servicios de TI con 30 años de experiencia en el mercado. Contamos con más de 8 mil colaboradores en Latinoamérica, Estados Unidos y Europa. Te invitamos a ser parte de nuestro equipo ocupando el cargo de: Analista Programador Requisitos: Bachiller o Técnico titulado afines con la informática (Ciencias de la Computación, Sistemas de Información, Ingeniería, entre otros). Experiencia y formación en desarrollo de software, por ejemplo, C#, C++, Java, .NET, Pyton, PL/SQL Conocimiento técnico en herramientas de automatización (ejemplo, Blue Prism y UiPath) Conocimientos básicos de programación en HTML, JavaScript.Deseables: Conocimiento en CLOUD Computing Conocimientos de IA y aprendizaje automático Certificación Ágil, PMP u otrosBeneficios: Pertenecer al grupo América Móvil. Sueldo en planilla 100% desde el primer día. EPS corporativa (opcional). Convenios corporativos.“Global Hitss mantiene una política de contratación inclusiva, por lo que invita a cualquier persona a participar en el proceso de selección en referencia”. ¡Te invitamos a revisar nuestra página web: http://www.globalhitss.com/",La Victoria,Presencial,https://www.bumeran.com.pe/empleos/analista-programador-java-oracle-presencial-hitss-peru-1117963095.html
Soporte Jr de Aplicaciones (Linux/PLSQL),"Somos una empresa de Soluciones Digitales y Servicios de TI con 30 años de experiencia en el mercado. Contamos con más de 8 mil colaboradores en Latinoamérica, Estados Unidos y Europa. Somos una empresa de Soluciones Digitales y Servicios de TI con 30 años de experiencia en el mercado. Contamos con más de 8 mil colaboradores en Latinoamérica, Estados Unidos y Europa. Te invitamos a ser parte de nuestro equipo ocupando el cargo de: Analista de Soporte de Aplicaciones Requisitos indispensables: Profesionales de Ingeniería de Sistemas, Informática, o carreras afines. Conocimiento en programación PL SQL Oracle, .NET, Java, Shell scripts, unix/ linux MS Office básicoExperiencia: Más de 1 año de experiencia en desarrollo e implementación de aplicaciones Atención en helpdesk Sector de telecomunicaciones, banca / empresa de servicios masivosBeneficios: Pertenecer al grupo América Móvil. Sueldo en planilla 100% desde el primer día. EPS corporativa (opcional). Convenios corporativos.“Global Hitss mantiene una política de contratación inclusiva, por lo que invita a cualquier persona a participar en el proceso de selección en referencia”. ¡Te invitamos a revisar nuestra página web: http://www.globalhitss.com/",La Victoria,Presencial,https://www.bumeran.com.pe/empleos/soporte-jr-de-aplicaciones-linux-plsql-hitss-peru-1117963093.html
ANALISTA PROGRAMADOR JAVA,"En Valtx, empresa con 24 años de experiencia en el mercado peruano, cuyo objetivo principal es convertirse en un socio estratégico, mediante soluciones tecnológicas en los diversos aspectos de los procesos de negocios; el desarrollo, implementación y mantenimiento de aplicaciones e infraestructura tecnológica para el negocio; y consultoría en diversos procesos de transformación, nos encontramos en la búsqueda de un ANALISTA PROGRAMADOR JAVA Principales funciones o actividades - Diseñar y desarrollar aplicaciones en JAVA. - Ejecutar pruebas de software. - Relevar requerimientos. - Brindar soporte a las pruebas con usuarios. - Realizar documentación. - Brindar soporte al despliegue en entornos productivos y no productivos. - Desarrollo de apis REST ¿Qué requisitos necesito? - Técnico, Egresado o Bachiller de las carreras de Ingeniería de Sistemas, Ingeniería Informática o afines. - +3 años de experiencia comprobable - Conocimientos de Java: JDK 18 + Spring Boot (Requerido). - Experiencia en creación de API Restful - Experiencia en documentación de servicios con swagger. - Conocimiento de Pruebas unitarias: JUnit, Mockito. - Conocimiento de Git, Bitbucket . - Conocimiento de CI/CD, devops y pipelines (Jenkins). - Conocimiento de Apache Hive. - Conocimiento Kubernetes. - Deseable conocimiento de Anthos. - Deseable conocimiento de Arquitectura de Software: Hexagonal o Arquitectura limpia - Deseable conocimiento de Seguridad JWT (autenticación y autorización) Spring Security + OAuth2. - Deseable manejo de Jira.",San Borja,Híbrido,https://www.bumeran.com.pe/empleos/analista-programador-java-valtx-1117962716.html
Analista Programador Postgre/Oracle/Híbrido,"Por encargo de nuestro cliente, importante empresa líder en finanzas, nos encontramos encuentra en búsqueda de: (1) Analista Programador Postgre/Oracle Requisitos Universitario de Ingeniería de Sistemas, Informática, o afines Experiencia de 3 años en puestos similares como mínimo Experiencia realizando labores de Analista de Sistemas Desarrollador Oracle (PL/SQL) nivel avanzado, store procedures, funciones, packages Desarrollador BD PostgreSQL nivel avanzado Experiencia realizando tuning de Base de Datos Conocimiento en Oracle Data Integrator (ODI) Experiencia en GCP, Cloud Composer, Cloud Storage, Cloud Functions, Data Funciton, Data low Modelamiento de Base de Datos Recomendable que haya realizado labores como Analista FullstackFunciones: Diseñar, analizar y desarrollar soluciones en la Base de Datos Realizar la documentación correspondiente al proyecto Realizar estimaciones del trabajo solicitado Hacer las correcciones y/o mejoras de los programas realizados Coordinar el pase a producción Dar soporte post-producción de la solución¿Qué ofrecemos? Ingreso a planilla GENERAL de la empresa. Remuneración acorde al mercado Trabajo Híbrido: 1 vez a la semana (jueves) asistir a las oficinas del cliente en San Borja. Horario: Lunes a viernes de 8:30am a 6:30pm El cliente brindará laptop.",San Borja,Híbrido,https://www.bumeran.com.pe/empleos/analista-programador-postgre-oracle-hibrido-green-solutions-1117962598.html
Frontend Developer - Angular,"En Experis Perú buscamos al mejor talento para sumarse a los desafíos de la era digital y llevar su carrera a un siguiente nivel. Por ello, te invitamos a que formes parte del reto como FRONTEND DEVELOPER en el rubro Farmacéutico: FRONTEND DEVELOPER Requisitos para postular al cargo: Profesional de las carreras de Ingeniería de sistemas, informática o afines. Experiencia mayor a 4 años en Angular 13+ Experiencia en Estructura Documento HTML (DOM), Integración de pasarelas de pago. Experiencia en Desarrollo Responsive & Mobile-First. Manejo de Arquitectura Modular / Web ComponentsFunciones principales del puesto: Construir la parte visual y funcional de una aplicación web con la que los usuarios interactúan directamente, utilizando el framework Angular junto con HTML, CSS y TypeScript. Dividir el código en unidades reutilizables y bien definidas (componentes) para mantener la aplicación organizada y facilitar el desarrollo. Asegurar que las aplicaciones web sean rápidas y eficientes, mejorando la velocidad de carga y la capacidad de respuesta. Identificar y corregir errores en el código para garantizar que la aplicación funcione correctamente, y realizar pruebas para verificar que cumpla con los requisitos. Crear aplicaciones web que funcionen en diferentes plataformas, incluyendo web, móvil y escritorio.La empresa ofrece al candidato seleccionado Únete a una empresa líder a nivel global Planilla Completa",Lima,Remoto,https://www.bumeran.com.pe/empleos/frontend-developer-angular-experis-peru-1117962336.html
Desarrollador Frontend Senior- REMOTO,"Ofrece soluciones de negocios en las líneas de Outsourcing, Licenciamientos SAP y Microsoft, soporte y mejora de aplicaciones, así como implementación y migración de sistemas bajo estrategias Cloud, aprovechando su alianza con marcas como Amazon, Azure, Huawei Cloud y Google Cloud. Nos encontramos en la búsqueda de ""Desarrollador Frontend Web Senior"" Requisitos: Mínimo 5 años de experiencia en Desarrollador front end. Experiencia sólida en React. Conocimiento avanzado de JavaScript, HTML5, CSS3 y frameworks asociados. Sólidos conocimientos de HTML5 y CSS3 así como tecnologías afines. Conocimientos de uso y consumo de API REST. Familiaridad con Git y sus plataformas (Gitlab, Github, etc.). Experiencia en Figma. Experiencia en Pruebas, y testing (Jest) Disponibilidad inmediata.Condiciones: Modalidad Remota(1 o 2 veces de manera presencial en Surco). Horario de lunes a viernes 8: 30 am a 6:00 pm¡Ven y únete al equipo de CSTI CORP!",Lima,Presencial,https://www.bumeran.com.pe/empleos/desarrollador-frontend-senior-remoto-csti-corp-1117962091.html
Desarrollador Backend Java,"Somos Inetum, una compañía de servicios ágiles que proporciona soluciones digitales y un grupo global de tecnólogos que acompaña a sus clientes en el proceso de digitalización aprovechando al máximo el digital flow. Ofrecemos a nuestros clientes una combinación única de proximidad, organización sectorial y soluciones de calidad. Presente en más de 26 países, el Grupo tiene cerca de 27.000 colaboradores y apunta a continuar creciendo. ¡En Inetum acompañamos a nuestros clientes y colaboradores en su camino al éxito! Si te gusta reinventarte y resolver problemas con nuevas estrategias, trabajar en proyectos de IT y de negocios: ¡Postula ahora! Actualmente nos encontramos en búsqueda de 03 Desarrolladores Backend Java para que se integren a nuestro equipo. Requisitos Profesional en Ingeniería de Sistemas, Computación, Informática o carreras afines. Experiencia mínima de 3 años en desarrollo con entorno Java Experiencia desarrollo de aplicaciones backend con Java 8, 11 o 17. Conocimientos sólidos en Spring Boot y otros frameworks del ecosistema Spring. Experiencia en diseño y desarrollo de microservicios aplicando principios de arquitectura limpia. Dominio de programación funcional y reactiva (WebFlux, RxJava). Conocimiento en pruebas unitarias con JUnit y Mockito, así como en metodologías BDD. Familiaridad con prácticas de desarrollo seguro (OWASP, OAuth2). Experiencia en bases de datos relacionales (SQL Server, Azure SQL) y no relacionales. Conocimientos en servicios de Azure como Blob Storage, Functions, API Management y Key Vault. Experiencia en contenedores y orquestación con Docker, Kubernetes y AKS. Aplicación de principios SOLID, Clean Code, TDD y BDD en el ciclo de desarrollo. Manejo de herramientas de control de versiones (Git) y prácticas DevOps. Conocimiento en CI/CD, pipelines y herramientas como Jenkins. Familiaridad con herramientas complementarias como Sonarqube, Fortify y Kibana. Trabajo colaborativo bajo metodologías ágiles, especialmente Scrum.",La Molina,Híbrido,https://www.bumeran.com.pe/empleos/desarrollador-backend-java-inetum-peru-1117961759.html
Desarrollador Fullstack SemiSenior(Java/Angular),"CSTI Corp es una empresa peruana líder en la industria TI con más de 17 años en el mercado en países como Perú, Ecuador, Colombia, Costa Rica y Estados Unidos. Ofrecemos soluciones de negocios en las líneas de Outsourcing, Licenciamientos SAP y Microsoft, soporte y mejora de aplicaciones, así como implementación y migración de sistemas bajo estrategias Cloud, aprovechando su alianza con marcas como Amazon, Azure, Huawei Cloud y Google Cloud. Nos encontramos en la búsqueda de un ""Fullstack Semi Senior”, para nuestra línea de negocio. 📌Requisitos: Experiencia mínima de 3 años en desarrollo de aplicaciones, plataformas o servicios en la capa frontend como en la capa backend. Experiencia en desarrollo de parte de Frontend con Angular. Experiencia en desarrollo de parte de Backend con Java y Sprinboot. Conocimientos en Microservicios, BD Oracle, BD SQL y Api Rest. 🌴Modalidad Presencial en Lima - Los Olivos. 🌴Horario de Lunes a viernes. 🌴Pago acorde al mercado.",Lima,Presencial,https://www.bumeran.com.pe/empleos/desarrollador-fullstack-semiseniorjava-angular-csti-corp-1117961713.html
Analista Programador Full Stack,"En UTEC - Universidad de Ingeniería y Tecnología nos encontramos en búsqueda de un Analista Programador Full Stack ¿Cuáles serán tus retos? Trabajar en conjunto con equipos multidisciplinarios para garantizar la coherencia tecnológica y funcional de los proyectos. Análisis y diseño de soluciones Mantenimiento a aplicaciones inhouse Creación y mantenimiento de modelo de datos Pruebas unitarias y funcionales¿Qué buscamos? Experiencia en desarrollo con Java (Spring Boot), React y/o Angular. Conocimiento en Arquitecturas de integración. Experiencia en interacción con algún CRM y/o ERP (implementación, integración, soporte o personalización). Manejo de bases de datos relacionales (Oracle, MySQL, PostgreSQL, etc.). Conocimientos en metodologías ágiles (Scrum, Kanban). Experiencia trabajando bajo ambientes DevOps. Experiencia en el uso de Docker. Dominio de herramientas de versionamiento Conocimiento inglés a nivel intermedio Manejo de Office a nivel avanzado Deseable (no indispensable): Experiencia específica en Zoho Suite (CRM, Desk, Campaign, Survey, Creator, Contract) y Oracle Fusion ERP. Deseable (no indispensable): Desarrollo y mantenimiento de sitios en Drupal Capacidad de análisis para la resolución de problemas complejos, aprendizaje rápido y disposición para adoptar nuevas tecnologías, alta adaptabilidad a distintos entornos y herramientas, compromiso y responsabilidad en la ejecución de proyectos, capacidad para trabajar bajo presión y con prioridades múltiples, orientación a resultados con enfoque en impacto institucional, así como comunicación efectiva con usuarios y equipos técnicos.¿Qué te ofrecemos? Salario acorde al mercado. EPS y Seguro oncológico cubierto al 100% Plataforma de capacitación personalizada. Descuentos en más de 200 establecimientos. Oportunidad de aprender e involucrarte en distintos proyectos de UTEC.Si quieres conocernos mejor: Visita nuestra web: https://utec.edu.pe/ Síguenos en LinkedIn: https://www.linkedin.com/school/utec-universidad-de-ingenieria-y-tecnologia/mycompany/Si crees que este es tu rol y que las responsabilidades descritas son lo que estás buscando, ¡inscríbete en la vacante! ¡Tenemos ganas de conocerte!",Barranco,Remoto,https://www.bumeran.com.pe/empleos/analista-programador-full-stack-universidad-de-ingenieria-y-tecnologia-utec-1117961694.html
Desarrollador .Net / PHP,"More digital. More human. More Minsait. En Minsait, una compañía de Indra, somos líderes globales en tecnología y consultoría digital. Conectamos personas, tecnología y negocios para impulsar el crecimiento, la transformación y un impacto positivo y sostenible. ¡Únete como Desarrollador .NET/PHP! Buscamos profesionales apasionados por la tecnología, con ganas de formar parte de nuestros equipos multidisciplinares y contribuir a proyectos de alto impacto. ¿Qué buscamos? Profesional de Ingeniería de Sistemas, Informática o carreras afines. Mínimo 4 años de experiencia desarrollando con .NET y PHP. Conocimientos sólidos en:C# .NET ASP 3 JavaScript, VB 6.0 SQL Server GIT (control de versiones) PHP Nativo 5.6 MySQL Valoramos adicionalmente: Experiencia en migraciones de PHP 5.6 a 8.4 Manejo de WAMP Server Conocimientos en SOAP Buen manejo de herramientas de control de versiones¿Por qué te encantará ser un #Minsaiter? EPS cubierta al 100% Trabajo remoto de lunes a viernes (7:00 a.m. - 4:30 p.m.) Contrato en planilla a plazo fijo (renovable) Acceso total a Udemy Asesorías nutricionales y psicológicas gratuitas Línea de carrera y oportunidades de crecimiento Kit ergonómico para trabajar desde casaMinsait, technology for a more human future Nuestro compromiso es fomentar un entorno laboral inclusivo, respetuoso y libre de cualquier tipo de discriminación. Promovemos la igualdad de oportunidades en todos nuestros procesos de selección, formación y desarrollo profesional.",Lima,Remoto,https://www.bumeran.com.pe/empleos/desarrollador-.net-php-indra-peru-1117961552.html
Desarrollador Python Odoo,"🚀 Desarrollador Python Odoo Modalidad: Presencial Horario: Lunes a Viernes (9:00 am – 6:00 pm) 🎓 Requisitos académicos Bachiller o título universitario en Ingeniería de Software, Ciencias de la Computación, Sistemas o afines. Deseable: certificaciones en Odoo, Python o Cloud.💻 Conocimientos indispensables Python avanzado para Odoo (ORM, herencia de modelos, decoradores, contextos). Framework Odoo (módulos, vistas XML, QWeb, seguridad). PostgreSQL (optimización y gestión). APIs REST/XML-RPC, integraciones externas. Git y metodologías ágiles (Scrum/Kanban). Frontend básico: XML y JavaScript para personalización de vistas.⭐ Conocimientos deseables Librerías de Data Science (Pandas, NumPy). Frameworks backend: FastAPI, Flask. Bases de datos NoSQL (MongoDB). CI/CD y DevOps (Docker, Kubernetes, GitHub Actions).🏆 Experiencia requerida +1 año en desarrollo con Python para Odoo. +2 años en desarrollo de software. Experiencia en personalización y creación de módulos Odoo. Integraciones con sistemas de terceros. Participación en 2 o más proyectos de implementación Odoo.🔑 Competencias clave Resolución de problemas complejos de negocio. Trabajo en equipo y comunicación clara. Autoaprendizaje y actualización constante en Odoo. Orientación a resultados y optimización de procesos.🎁",Lima,Presencial,https://www.bumeran.com.pe/empleos/desarrollador-python-odoo-ibr-peru-s.a.-1117961539.html
Desarrollador Backend JavaScript senior,"CSTI Corp es una empresa peruana líder en la industria TI con más de 15 años en el mercado en países como Perú, Ecuador, Colombia, Costa Rica y Estados Unidos. Ofrece soluciones de negocios en las líneas de Outsourcing, Licenciamientos SAP y Microsoft, soporte y mejora de aplicaciones, así como implementación y migración de sistemas bajo estrategias Cloud, aprovechando su alianza con marcas como Amazon, Azure, Huawei Cloud y Google Cloud. Nos encontramos en la búsqueda de ""Desarrollador Backend (JavaScript) Senior Requisitos: Bachiller en Ing de Sistemas, Software o afines o Técnico. Experiencia mínima de 5 años como Backend. Experiencia de 3 a más en Node JS. Experiencia de 2 años a más en Amazon Web Services. Experiencia de 3 en en programación en Javascript, Node JS con Express y Type Script Experiencia en Git / Gitlab: Gitflow, comandos Rebasing, Stashing, crear y resolver Merge Requests. Experiencia de 3 años a más en Metodologías Ágiles como Scrum, Kanban y/o XP. Nivel intermedio o avanzado en codificación de pruebas de unidad usando TDD. Experiencia codificando pruebas de rendimiento de SW (carga, estres, escalabilidad) usando Gatlin u otra herramienta similar. Conocimiento de BDD. Conocimiento avanzados de Clean Code, SOLID y Arquitecturas Hexagonales. Experiencia aplicando prácticas de excelencia técnica como: Continuous Integration, Refactoring, Code Review y Pair Programming. Conocimiento avanzado de prácticas de código seguro con OWASP 10. DevSecOps Mindset. Experiencia en Docker, Mongodb, MySQL, Redis, EventBridge y Kubernetes (deseable).Condiciones: Modalidad Remota (1 o 2 veces al mes en el distrito de San Isidro) Salario bajo RXH. Horario de lunes a viernes de 9 am a 6:30pm.¡Ven y únete al equipo de CSTI CORP!",Lima,Híbrido,https://www.bumeran.com.pe/empleos/desarrollador-backend-javascript-senior-csti-corp-1117961392.html
Desarrollador FullSatck - Enfoque en Frontend,"En FRACTAL, consultora TI peruana con más de 10 años de experiencia en el mercado nacional e internacional, nos encontramos en búsqueda de un(a) Desarrollador Fullstack con experiencia en CMS para colaborar en modalidad híbrida en un proyecto con uno de nuestros clientes nacionales. Requisitos Frontend: Formación universitaria culminada en Ingeniería de Sistemas, Software, Computación e Informática o carreras afines. 2 a 3 años de experiencia en el puesto y desarrollando con JavaScript y TypeScript. Experiencia en desarrollo de interfaces con React Manejo de estado y asincronía (Zustand, React Query, Axios) Creación de UI responsiva y accesible (Tailwind, Radix) Validación de datos y formulatrio /React Hook Form, Zod) Visualización de datos (gráficos, fechas, Excel) Optimización y buenas prácticas de código (linting, tipado, git) Despliegue en la nube (AWS S3 para hosting)Backend (Básico): Conocimientos en al menos un lenguaje de backend (Python, Node.js, etc.). Familiaridad con frameworks como Django, Flask, Express Conocimientos en Base de datos Relacionales y No Relacioales SQL. Experiencia básica en diseño y consumo de APIs REST. Entendimiento de conceptos de arquitectura cliente-servidor y HTTP. Conocimientos básicos en Docker. Familiaridad con servicios en la nube (AWS, o Azure).",Lima,Híbrido,https://www.bumeran.com.pe/empleos/desarrollador-fullsatck-enfoque-en-frontend-fractal-soluciones-it-1117962666.html
Practicante de Digitalización,"¡Hola a todos! En REPSOL, estamos buscando entusiastas e innovadores Practicantes de Digitalización para unirse a nuestro equipo. ¡Únete a nosotros y ayuda a dar forma al futuro de la energía! REQUISITOS Estudiante de últimos ciclos de las carreras de Ing. Sistemas, Ing. Industrial o afines Manejo de herramientas de automatización y/o programación Power BI a nivel intermedio. Paquete de office a nivel intermedio. Idioma de ingles a nivel intermedio.FUNCIONES Apoyo en el levantamiento de procesos y elaboración de flujogramas de la operación. Identificación de oportunidades de eficiencia y automatización, así como la optimización de proyectos en ejecución. Participación en la elaboración de aplicativos que permitan la digitalización y diminuyan la manualidad del negocio Apoyo en la actualización y reporte de indicadores del área Soporte en procesos administrativos del área",San Isidro,Presencial,https://www.bumeran.com.pe/empleos/practicante-de-digitalizacion-repsol-1117960947.html
ANALISTA PROGRAMADOR Java - Microservicios,"Somos Canvia ¡Una empresa que innova y reinventa! ¡Buscamos a un Programador Java con ADN de innovación! Top de razones para trabajar con nosotros: CANVIA es una de las empresas más grandes del sector IT en el Perú y nuestro propósito es hacer más fácil la vida de las personas, innovando e implementando proyectos de transformación digital en múltiples industrias. Nos mueve la reinvención, hacer las cosas diferentes a través de buenas ideas, cuestionar el statu quo. Años de experiencia desarrollando y ejecutando soluciones con un equipo humano valioso y que suma diferentes capacidades, nuevos modelos de negocios a través del uso de tecnologías digitales y sistemas de gestión del cambio soportados en una cultura Lean-Agile. ¿Qué retos tendrás como Programador? Desarrollo de sistemas y/o software con Java y base de datos Oracle, empleando tecnologías como JSF, JPA, Spring Framework, Spring Boot, Spring Cloud, microservicios. Elaborar el código de programación de los proyectos que le son asignados. Elaborar la documentación relacionada al proyecto, de acuerdo con los entregables comprometidos. Brindar soporte a las pruebas en ambiente de Certificación.Capacidad para un rápido entendimiento de los procesos de negocio del cliente, proactividad y comunicación efectiva. ¿Qué skills buscamos en ti? Tecnico titulado o Bachiller de la carrera de Ingeniería de Sistemas, Ingeniería Informática, Computación e informática o carreras afines. 4 años de experiencia. (comprobada) Experiencia en Programación: JAVA a nivel intermedio o avanzado. Conocimientos de Base de Datos: Oracle Experiencia en desarrollo de Microservicios.Lo que encontrarás en Canvia: ü Trabajar en equipo con especialistas en nuevas tecnologías y generar impacto a través de la transformación de nuestros clientes y proyectos de gran escala. ü Cultura de equipo altamente colaborativa y orientado a romper paradigmas. ü A RETARTE y cuestionarte como lo estás haciendo para pensar cómo hacerlo mejor. ü Foco en tu desarrollo y línea de crecimiento, a través de Canvia College donde podrás potenciar tus conocimientos con cursos tendencia en tecnología y de gestión. ü La importancia de tu bienestar, por ejemplo, el que tengas tiempo libre el día de tu cumpleaños para que lo disfrutes con las personas que más quieres. ü Trabajo desde casa en la mayoría de nuestras posiciones. En esta empresa está prohibida la discriminación – Ley N° 29973",Cercado De Lima,Híbrido,https://www.bumeran.com.pe/empleos/analista-programador-java-microservicios-canvia-1117960644.html
Programador,"¿Cuáles serán mis desafíos? Planificar y programar las operaciones de transporte y abastecimiento de productos a nivel nacional. Coordinar la disponibilidad operativa de las unidades en función de la demanda de los clientes y la capacidad de atención. Asegurar la continuidad del suministro de productos en distintas regiones del país, priorizando las zonas críticas para garantizar la cobertura oportuna. Gestionar la programación bajo criterios de seguridad y eficiencia, manteniendo una comunicación fluida entre las áreas involucradas en la operación. Velar por el cumplimiento de los estándares de servicio y la optimización de recursos en las operaciones logísticas.¿Qué es lo que se requiere de mí? Estudios Universitarios y/o Técnicos de Ingeniería Industrial, Cadena de Suministro, Transporte o afines. Manejo de software: Office, a nivel avanzado / SAP (deseable). Mínimo 01 año de experiencia en posiciones similares (como Programador). Disponibilidad para trabajar en turnos rotativos.",Lima,Presencial,https://www.bumeran.com.pe/empleos/programador-1117960615.html
Analista Programador FRONTEND - Angular,"Somos Canvia, formamos parte del portafolio de Advent International y contamos con 34 años de presencia en el mercado local. Nuestro propósito es hacer más fácil la vida de las personas, innovando e implementando proyectos de transformación digital de nuestros clientes de manera ágil y segura. ¡Reinventa el futuro con Canvia! Si sientes pasión por la tecnología y quieres transformar negocios, esta es tu oportunidad para desarrollarte en una empresa inclusiva, diversa, que se desafía constantemente. Nuestro propósito es hacer más fácil la vida de las personas, innovando e implementando proyectos de transformación digital con un metodología ágil y segura. Como Analista Programador ANGULAR tendrás la misión de: Desarrollar la interfaz de usuario en Angular con Microfrontends. Integrar con Azure API Management y asegurar la correcta comunicación con el backend. Garantizar accesibilidad y compatibilidad en múltiples dispositivos.* REQUISITOS: Bachiller en la carrera de Ingeniería de sistemas, Ingeniería informática, Ingeniería electrónica, Ingeniería industrial o carreras afines. Experiencia no menor de 5 años como Analista programador o Analista de aplicaciones o similares. Manejo indispensable de ANGULAR, React, Vue,js, Jquery, TypeScripT, JScript. *",Lima,Híbrido,https://www.bumeran.com.pe/empleos/analista-programador-frontend-angular-canvia-1117960612.html
Practicante Profesional: Programación PLSQL,"¿Estás buscando iniciar tu carrera como Practicante Profesional Desarrollador PL/SQL en un proyecto retador y con gran proyección de crecimiento? ¡Esta es tu oportunidad! 🙌 Requisitos clave: Recien egresados de Sistemas, computación o afines. Conocimientos en PL/SQL y Oracle. Experiencia previa en proyectos académicos o prácticas relacionadas. Conocimientos básicos en Java (Spring) [deseable]. Conocimientos básicos en AngularJS [deseable]. Interés en aprender y aportar en procesos de migración tecnológica. Actitud proactiva, orientación a resultados y capacidad para trabajar en equipo.✨",San Isidro,Remoto,https://www.bumeran.com.pe/empleos/practicante-profesional-programacion-plsql-indra-peru-1117960022.html
Tech Lead / Líder Técnico Frontend (React + NextJS),"ZUTUN. es una empresa de software boutique con amplia experiencia en banca, seguros, fintech y retail. Nuestro colectivo funciona como un verdadero equipo, valorando la colaboración, la sinergia y el apoyo mutuo entre nuestros miembros, reconociendo que el talento es el núcleo y el equipo es quien juega el partido. Te invitamos a participar de proceso TECH LEAD / LIDER TÉCNICO FRONTEND (REACT + NEXTJS) y ser parte de esta experiencia: RESPONSABILIDADES: Liderar el diseño e implementación de arquitecturas web y/o móviles. Coordinar tareas de desarrollo frontend en su mayoría. Desarrollar e integrar APIs, servicios externos y sistemas de terceros. Supervisar buenas prácticas de testing automatizado y control de versiones. Gestionar la infraestructura, rendimiento y disponibilidad de los sistemas. Colaborar con equipos multidisciplinarios locales e internacionales. Aplicar metodologías ágiles y fomentar la cultura DevOps.REQUISITOS: Experiencia mínima de 5 años a más como TECH LEAD / LIDER TÉCNICO. Experiencia viendo tareas de desarrollo FRONTEND con REACT. Experiencia sólida con framework NEXTJS. Bases de datos y servidores: MariaDB/MySQL, PostgreSQL, Redis, MongoDB Entornos Cloud: AWS, GCP, Digital Ocean Herramientas: Google Looker Studio, PowerBI, Google Analytics, Grafana Testing & DevOps: Cucumber, CI/CD, control de versiones Autenticación: OAuth2HABILIDADES BLANDAS: Liderazgo y capacidad para guiar equipos técnicos Alta capacidad analítica y toma de decisiones Autonomía, proactividad y compromiso con resultados¿QUE OFRECEMOS? Oportunidades de aprendizaje, donde tú eres responsable de tu desarrollo. Trabajo colaborativo en un entorno creativo. Acceso a herramientas y tecnologías de vanguardia. Ambiente de trabajo dinámico con enfoque en la mejora continua. Trabajo en base al sentido común, metas, flexibilidad de horarios y de manera hibrida. Una organización totalmente horizontal, donde se escuchan tus ideas y opiniones, sin jerarquías ni egos, basado en nuestra cultura C+✅ Consideraciones: RECIBO POR HONORARIOS, tiempo de contratación: 3 A 6 MESES RENOVABLES. ✅ Visita nuestra página WEB: www.zutun.io",Lima,Híbrido,https://www.bumeran.com.pe/empleos/tech-lead-lider-tecnico-frontend-react-nextjs-zutun.-1117959935.html
Practicante Profesional Desarrollador PL/SQL,"¿Estás buscando iniciar tu carrera como Practicante Profesional Desarrollador PL/SQL en un proyecto retador y con gran proyección de crecimiento? ¡Esta es tu oportunidad! 🙌 Requisitos clave: Egresados de Ing. de Sistemas o afines. Conocimientos en PL/SQL y Oracle. Experiencia previa en proyectos académicos o prácticas relacionadas. Conocimientos básicos en Java (Spring) [deseable]. Conocimientos básicos en AngularJS [deseable]. Interés en aprender y aportar en procesos de migración tecnológica. Actitud proactiva, orientación a resultados y capacidad para trabajar en equipo.✨",Lima,Remoto,https://www.bumeran.com.pe/empleos/practicante-profesional-desarrollador-pl-sql-indra-peru-1117941356.html
Analista Programador Visual Basic .Net,"Analista Programador Visual Basic .Net Resumen del Puesto Estamos buscando un Analista Programador Visual Basic .Net con experiencia en desarrollo y mantenimiento de aplicaciones en Visual Basic .Net. El candidato ideal tendrá la oportunidad de participar en proyectos desafiantes dentro de un entorno dinámico. Responsabilidades Desarrollo y mantenimiento de aplicaciones en Visual Basic .Net. Participación en el diseño y la implementación de soluciones de software. Colaboración con otros miembros del equipo para garantizar la calidad del código. Optimización de código y resolución de incidencias. Requisitos Experiencia en desarrollo y mantenimiento de aplicaciones en Visual Basic .Net. Manejo de C#. Experiencia en Stored Procedures en SQL. Experiencia en procesos de ETL utilizando SQL Server y SSIS. Conocimiento en bases de datos (SQL Server, MySQL, Oracle). Conocimiento de control de versiones (GitHub, TFS). Conocimiento de frameworks .NET.",Barranco,Presencial,https://www.bumeran.com.pe/empleos/analista-programador-visual-basic-.net-idm-technology-1117979310.html
Desarrollador Java Mobile,"Fundado en París en 1895 y con más de 100 años de experiencia en la enseñanza de las artes culinarias y hospitalidad, en la actualidad Le Cordon Bleu tiene 40 escuelas en más de 20 países, con un promedio de 30 millones de alumnos en todo el mundo con más de 70 de nacionalidades lo que hace de Le Cordon Bleu tu pasaporte al mundo. En Perú La Red Educativa Le Cordon Bleu está conformado por 2 unidades de negocio principales, la Universidad Le Cordon Bleu con 4 carreras orientadas a la gestión, técnicas alimentarias y el turismo. El Instituto Le Cordon Bleu con 5 carreras profesionales enfocadas en servicio de la gastronomía, hotelería y bar. Le Cordon Bleu Perú los invita a ser parte de este mundo de experiencias y creatividad. Le Cordon Bleu, la Red Educativa líder en formar profesionales de excelencia en el mundo de la gastronomía y la hospitalidad está buscando integrar en su equipo a un(a) Analista Desarrollador Java- Mobile que debe cumplir con los siguientes criterios: Objetivo del Puesto Analizar, desarrollar, implementar y mantener soluciones de software en lenguaje Java, asegurando la calidad técnica del código, la usabilidad funcional y el cumplimiento de los requerimientos establecidos por las áreas usuarias, así como la documentación y trazabilidad del proceso de desarrollo. Funciones: Analizar los requerimientos funcionales entregados por el Líder de Desarrollo o el Analista Funcional. Diseñar las estructuras lógicas y técnicas para el desarrollo de funcionalidades asignadas. Desarrollar código Java backend, móviles kotlin según estándares técnicos definidos, incluyendo pruebas unitarias y validaciones internas. Realizar pruebas funcionales en el entorno de desarrollo y participar en las pruebas integradas. Elaborar documentación técnica de los módulos desarrollados (comentarios, manuales, diagramas). Ejecutar los pases de versión y actualizaciones bajo supervisión, respetando protocolos definidos. Realizar mantenimiento correctivo, adaptativo y evolutivo sobre módulos ya implementados Participar en la planificación y estimación de tiempos de desarrollo dentro de proyectos asignados. Registrar el avance de tareas, incidentes y entregables en herramientas definidas por la Dirección de TI. Aplicar buenas prácticas de codificación, seguridad, escalabilidad y control de versiones. Coordinar permanentemente con el equipo de base de datos y otros desarrolladores para garantizar integridad e integración Competencias Planificación y organización Iniciativa Comunicación Trabajo en equipo Capacidad de análisis y de síntesis. Requisitos: Bachiller/Licenciado universitario en Ingeniería de Sistemas, Informática o afines. Experiencia de 2 años en desarrollo de software en entornos organizacionales Mínimo 1 año desarrollando soluciones backend en lenguaje Java Experiencia en Kotlin Deseable Certificación en Java SE/EE (Oracle u otra reconocida), fundamentos de desarrollo seguro.",Lima,Presencial,https://www.bumeran.com.pe/empleos/desarrollador-java-mobile-red-educativa-le-cordon-bleu-1117979044.html
Desarrollador Full Stack,"¡Hola talentos! Somos un holding empresarial destacado en el sector salud en Perú, ofrecemos servicios médicos de excelencia con soluciones innovadoras y tecnología avanzada. Con una amplia red de centros médicos y una sólida presencia en el mercado, nos destacamos por nuestra inclusión y mejora continua. ¡Forma parte de nuestro gran equipo y transforma el cuidado de la salud en el país como Desarrollador Full Stack! Requisitos: Egresados de la carrera de Ing. De Sistemas, Informática y/o afines. Experiencia en lenguajes de programación Python, Angular ( 1 0 o superior), Java, Conocimiento de Ajax, JSON y el modelo API REST (Deseable) Conocimiento de Operaciones Cloud: AWS (Deseable) Conocimientos en modelamiento y administración de base de datos (MySql, Mariadb, Postgres): Implementación de procedimientos, scripts y funciones eficientes para la distribución de datos, capacidad de documentación y estructuración de soporte robusto. (Indispensable).¿Cuáles serán tus retos? Desarrollo de aplicaciones utilizando estructuras y arquitecturas de desarrollo back-end/front-end. Integración con servicios externos. Configuración de seguridad y prevención de ataques Construir estructuras o arquitectura en BBDD para garantizar la distribución de datos adecuada y fiable a las distintas plataformas según requerimiento. Implementar algoritmos optimizados y resolver problemas relacionados con el sistema.Razones para unirte a nuestro equipo: Agradable ambiente laboral.",Miraflores,Presencial,https://www.bumeran.com.pe/empleos/desarrollador-full-stack-grupo-red-salud-1117971064.html
Programador de Inteligencia Artificial,,Lima,Presencial,https://www.bumeran.com.pe/empleos/programador-de-inteligencia-artificial-growth-digital-lab-1117968752.html
Desarrollador de Sistemas,,Lima,Presencial,https://www.bumeran.com.pe/empleos/desarrollador-de-sistemas-intelitech-peru-s.a.c.-1117964390.html
Desarrollador Full Stack,,Lima,Presencial,https://www.bumeran.com.pe/empleos/desarrollador-full-stack-igts-sac-1117965145.html
Analista programador Fullstack,,San Isidro,Presencial,https://www.bumeran.com.pe/empleos/analista-programador-fullstack-isp-consulting-1117960954.html
