post_id,subreddit,post_title,body,score,author,created_utc
1nmf1tp,politics,"Trump, 79, Snaps at David Letterman for Calling Hi...","
As a reminder, this subreddit [is for civil discussion.](/r/politics/wiki/index#wiki_be_civil)

In general, be courteous to others. Debate/discuss/argue the merits of ideas, don't attack people. Pers...",1,AutoModerator,2025-09-20 20:18:48
1nmf1tp,politics,"Trump, 79, Snaps at David Letterman for Calling Hi...",He’s also angry that Letterman’s retired and he can’t pressure network executives to fire him when he says things that hurt his feelings.,8672,no_kids-and-3_money,2025-09-20 20:29:17
1nmf1tp,politics,"Trump, 79, Snaps at David Letterman for Calling Hi...",The truth hurts,4862,Sharp-Present-886,2025-09-20 20:20:22
1nmf1tp,politics,"Trump, 79, Snaps at David Letterman for Calling Hi...",It’s kind of simple: stop acting like an authoritarian criminal and people would stop calling it as it is. Or simply get the hell out of the kitchen if you’re feeling burnt.,1913,Mike29758,2025-09-20 20:21:32
1nmf1tp,politics,"Trump, 79, Snaps at David Letterman for Calling Hi...",Trump hates facts.,910,fairoaks2,2025-09-20 20:21:09
1nm8710,politics,"Tom Homan was investigated for accepting $50,000 f...","
As a reminder, this subreddit [is for civil discussion.](/r/politics/wiki/index#wiki_be_civil)

In general, be courteous to others. Debate/discuss/argue the merits of ideas, don't attack people. Pers...",1,AutoModerator,2025-09-20 15:08:16
1nm8710,politics,"Tom Homan was investigated for accepting $50,000 f...",Most corrupt administration in US history. A bunch of self-enriching ghouls and traitors.,3460,gergek,2025-09-20 15:09:40
1nm8710,politics,"Tom Homan was investigated for accepting $50,000 f...","Accepted the money **IN CASH** ""after indicating he could help the agents — who were posing as business executives — win government contracts in a second Trump administration.""

The thing I wish peopl...",1173,slakmehl,2025-09-20 15:28:40
1nm8710,politics,"Tom Homan was investigated for accepting $50,000 f...",It's a requirement to be corrupt in order to be a Trump appointee.,319,Mindless_Listen7622,2025-09-20 15:12:12
1nm8710,politics,"Tom Homan was investigated for accepting $50,000 f...",He looks like a human cold sore,132,Lord_Hitachi,2025-09-20 15:12:27
1nms73j,politics,"Behind Closed Doors, Our Top CEOs Say Trump is Bad...","
As a reminder, this subreddit [is for civil discussion.](/r/politics/wiki/index#wiki_be_civil)

In general, be courteous to others. Debate/discuss/argue the merits of ideas, don't attack people. Pers...",1,AutoModerator,2025-09-21 08:37:59
1nms73j,politics,"Behind Closed Doors, Our Top CEOs Say Trump is Bad...",Maybe those CEO's could stop saying it behind closed doors and just call out Orange Julius for what he is?,1,BTRCguy,2025-09-21 08:41:54
1nms73j,politics,"Behind Closed Doors, Our Top CEOs Say Trump is Bad...","Ah yes, the American CEO. The ones who would vote Republican to rather lose $1m in wealth than pay an extra $500k in taxes under a Democrat.",1,MARIOpronoucedMA-RJO,2025-09-21 08:58:11
1nms73j,politics,"Behind Closed Doors, Our Top CEOs Say Trump is Bad...",Maybe they shouldn’t be performing felatio to the president in the Oval Office publicly anymore,1,Parking_Syrup_9139,2025-09-21 08:44:43
1nms73j,politics,"Behind Closed Doors, Our Top CEOs Say Trump is Bad...",All they need to do it pay up and tie him up in court forever. Lawsuits from every company. Send the message during shareholder announcements to expect losses due to the instability Trump has brought ...,1,picrh,2025-09-21 08:41:56
1nmdri9,politics,Trump border czar Tom Homan reportedly accepted $5...,"
As a reminder, this subreddit [is for civil discussion.](/r/politics/wiki/index#wiki_be_civil)

In general, be courteous to others. Debate/discuss/argue the merits of ideas, don't attack people. Pers...",1,AutoModerator,2025-09-20 19:13:48
1nmdri9,politics,Trump border czar Tom Homan reportedly accepted $5...,"> A new report from MSNBC on Saturday reveals that the agents recorded Homan, six weeks before the 2024 election, allegedly promising to assist in securing government contracts across the border secur...",1357,drtolmn69,2025-09-20 19:14:49
1nmdri9,politics,Trump border czar Tom Homan reportedly accepted $5...,"I just have one question and that is (checks notes) where is the fucking money where the fuck is it

sorry, 2 questions",110,ElPlywood,2025-09-20 19:27:27
1nmdri9,politics,Trump border czar Tom Homan reportedly accepted $5...,"If this is true, Homan needs to be removed immediately.

If he'd accept a bribe even once he's got to be a National Security risk, right?",296,ExpertReference2979,2025-09-20 19:36:57
1nmdri9,politics,Trump border czar Tom Homan reportedly accepted $5...,FOI that video now that the case is closed,70,oshkoshpots,2025-09-20 19:29:43
1nmcv41,politics,Oklahoma Republicans propose all state colleges mu...,"
As a reminder, this subreddit [is for civil discussion.](/r/politics/wiki/index#wiki_be_civil)

In general, be courteous to others. Debate/discuss/argue the merits of ideas, don't attack people. Pers...",1,AutoModerator,2025-09-20 18:30:36
1nmcv41,politics,Oklahoma Republicans propose all state colleges mu...,Isn’t a statue of an asshole considered obscene?,1642,Count_Dirac_EULA,2025-09-20 18:38:49
1nmcv41,politics,Oklahoma Republicans propose all state colleges mu...,"lol!!!

“We mandate you must call him a free speech advocate”

He was an asshole",7428,samsounder,2025-09-20 18:32:31
1nmcv41,politics,Oklahoma Republicans propose all state colleges mu...,"Normally I would be like ""naw, that would never pass"".

Then I reread and saw ""Oklahoma"".",1774,Grey_0ne,2025-09-20 18:33:34
1nmcv41,politics,Oklahoma Republicans propose all state colleges mu...,"I mean, if the statue is shaped like a trash can, they ARE following the **proposed** law.",1230,LazamairAMD,2025-09-20 18:32:44
1nimis9,PoliticalDiscussion,Do you think JD Vance will certify the results of ...,"[A reminder for everyone](https://www.reddit.com/r/PoliticalDiscussion/comments/4479er/rules_explanations_and_reminders/). This is a subreddit for genuine discussion:

* Please keep it civil. Report r...",1,AutoModerator,2025-09-16 11:37:52
1nimis9,PoliticalDiscussion,Do you think JD Vance will certify the results of ...,"The Electoral Count Act passed in 2022 makes the VP's role in certification merely ceremonial, so what JD Vance will or won't do is irrelevant.",1067,ChiefQueef98,2025-09-16 14:01:45
1nimis9,PoliticalDiscussion,Do you think JD Vance will certify the results of ...,My guess is that this is the first question trump asked him - what would have have done? - and Vance met Trump's standard.,65,jhkayejr,2025-09-16 14:15:05
1nimis9,PoliticalDiscussion,Do you think JD Vance will certify the results of ...,He probably won't but as I understand it the rules where changed so if he doesn't do it someone else does. Even knowing that JD might refuse as a worthless gesture to Trump.,110,DuranStar,2025-09-16 14:02:42
1nimis9,PoliticalDiscussion,Do you think JD Vance will certify the results of ...,"I'm 100% convinced that, if a Democrat wins in the Electoral College by *any margin,* they will legalese their way into not certifying the election and handing it to the Republican, whoever that is.

...",14,algarhythms,2025-09-16 15:06:34
1njl34j,PoliticalDiscussion,Can democracies survive disinformation if truth lo...,"[A reminder for everyone](https://www.reddit.com/r/PoliticalDiscussion/comments/4479er/rules_explanations_and_reminders/). This is a subreddit for genuine discussion:

* Please keep it civil. Report r...",1,AutoModerator,2025-09-17 13:24:21
1njl34j,PoliticalDiscussion,Can democracies survive disinformation if truth lo...,One thing I don't see addressed nearly enough is the reality that our internet is open to the rest of the world... a lot of these bots that you mentioned are foreign adversaries trying to cause chaos ...,197,JonnySnowin,2025-09-17 14:21:32
1njl34j,PoliticalDiscussion,Can democracies survive disinformation if truth lo...,Democracy cannot exist without a populace that is educated enough to think critically and discuss without using propagandist talking points. If there is a breakdown and divide about what the reality o...,28,datalicearcher,2025-09-17 18:19:01
1njl34j,PoliticalDiscussion,Can democracies survive disinformation if truth lo...,"I think we need to go back to the beginning and figure out what the goals of freedom of speech originally were:

* We wanted to come to the best decisions by having diverse viewpoints involved in deci...",15,kittenTakeover,2025-09-17 14:18:19
1njl34j,PoliticalDiscussion,Can democracies survive disinformation if truth lo...,"Truth doesn't lose. It just gets ignored until the consequences of that ignorance become too big to ignore.

Right now, everyone's pretending the King is wearing clothes of the finest golden threads -...",69,the_calibre_cat,2025-09-17 14:17:44
1nkeu1q,PoliticalDiscussion,Americas Reichstag fire?...,"[A reminder for everyone](https://www.reddit.com/r/PoliticalDiscussion/comments/4479er/rules_explanations_and_reminders/). This is a subreddit for genuine discussion:

* Please keep it civil. Report r...",1,AutoModerator,2025-09-18 12:36:17
1nkeu1q,PoliticalDiscussion,Americas Reichstag fire?...,"They’re using the death of a free speech absolutist to justify punishing private citizens and corporations for constitutionally protected speech. 

“Never waste the opportunity offered by a good crisi...",314,j____b____,2025-09-18 16:17:33
1nkeu1q,PoliticalDiscussion,Americas Reichstag fire?...,"They are now [planning on designating trans people as extremists](https://www.kenklippenstein.com/p/fbi-readies-new-war-on-trans-people) and subjecting them to state surveillance, so yes, very much so...",45,fireblyxx,2025-09-18 23:09:48
1nkeu1q,PoliticalDiscussion,Americas Reichstag fire?...,I think it's more emblematic of pernicious  effects of social media.  All the idiots can find each other online and reenforce their ideas until someone gets worked up enough to act on them.,11,Reasonable-Fee1945,2025-09-18 22:00:07
1nkeu1q,PoliticalDiscussion,Americas Reichstag fire?...,"As some have noted, Kirk is Horst Wessel.  A martyr for the cause.

(They were working on turning Ashli Babbitt into Wessel, and then this happened.)

What the Dems should be doing is turning this int...",160,I405CA,2025-09-18 17:16:18
1nl6nez,PoliticalDiscussion,What are your thoughts on the FCC's crackdown on J...,"[A reminder for everyone](https://www.reddit.com/r/PoliticalDiscussion/comments/4479er/rules_explanations_and_reminders/). This is a subreddit for genuine discussion:

* Please keep it civil. Report r...",1,AutoModerator,2025-09-19 10:28:00
1nl6nez,PoliticalDiscussion,What are your thoughts on the FCC's crackdown on J...,"They're comedians... they're not required to be ""accurate"", or polite for that matter.  

Lemme know when they fire Brian Killmeade for calling for killing off the homeless.  

Or for that matter when...",349,prof_the_doom,2025-09-19 14:18:08
1nl6nez,PoliticalDiscussion,What are your thoughts on the FCC's crackdown on J...,">the Jimmy Kimmel case, Kimmel appears to have screwed up by mis-characterizing (from what little I have been able to understand) the motivations of the Charlie Kirk assassin


He didn't ""screw up"" , ...",109,Objective_Aside1858,2025-09-19 14:22:46
1nl6nez,PoliticalDiscussion,What are your thoughts on the FCC's crackdown on J...,It's just proves what I've been saying for years: these guys don't care about free speech. Never have. They were just mad that they experienced consequences for their actions. Now that the shoe's on t...,46,VodkaBeatsCube,2025-09-19 14:29:58
1nl6nez,PoliticalDiscussion,What are your thoughts on the FCC's crackdown on J...,We are in a full fascist meltdown. I think a part of America died when an FCC official bullied a network into firing someone they disagreed with politically.  That is what happens in dictatorships and...,49,dudewafflesc,2025-09-19 14:29:00
1nlal7x,PoliticalDiscussion,Is using military force against suspected drug-tra...,"[A reminder for everyone](https://www.reddit.com/r/PoliticalDiscussion/comments/4479er/rules_explanations_and_reminders/). This is a subreddit for genuine discussion:

* Please keep it civil. Report r...",1,AutoModerator,2025-09-19 12:55:47
1nlal7x,PoliticalDiscussion,Is using military force against suspected drug-tra...,"Both of these things may be true, ""Supporters argue it’s necessary to deter cartels and protect Americans, while critics say it could be an unconstitutional use of deadly force, bypassing due process ...",159,sdbest,2025-09-19 14:51:43
1nlal7x,PoliticalDiscussion,Is using military force against suspected drug-tra...,"I think it’s overreach.  These boats and the people they carried were in international waters, and technically, had not committed any crimes against the U.S..  Say they were gang members and the boats...",29,Tasty_Narwhal6667,2025-09-19 16:24:56
1nlal7x,PoliticalDiscussion,Is using military force against suspected drug-tra...,"Former military here:

Maybe we came from a highly disciplined unit, maybe I wasn’t a power hungry person hellbent on getting my CIB, but you don’t just attack people. 

You have to have a positive ID...",35,OLPopsAdelphia,2025-09-19 15:41:15
1nlal7x,PoliticalDiscussion,Is using military force against suspected drug-tra...,"Is murdering people illegal or is it legal? The US Government is flat out murdering random citizens of other sovereign nations and posting the snuff films to social media.

Another excellent, thought ...",19,indescipherabled,2025-09-19 15:48:54
1nmadug,worldnews,Zelenskyy: Seized maps show that Russians deceive ...,When you set up an organization that punishes dissent and rewards loyalty over truth you inevitably make a system where truth comes second to self preservation.,2121,Saturnalliia,2025-09-20 18:19:24
1nmadug,worldnews,Zelenskyy: Seized maps show that Russians deceive ...,"Of course. Otherwise, they may have to jump out of tall buildings voluntarily.",4467,NyriasNeo,2025-09-20 17:04:57
1nmadug,worldnews,Zelenskyy: Seized maps show that Russians deceive ...,Culture of corruption.  Perun has many slideshows on this. Private conscriptovich does his part for the effort.,1170,Lazy_Physics_Student,2025-09-20 17:13:44
1nmadug,worldnews,Zelenskyy: Seized maps show that Russians deceive ...,"You are a Russian Major/Colonel in the field, and your general says you must accomplish ""X"" or you will be executed. You tell him your troops have accomplished ""X"" in a great victory for Russia. 

The...",3594,series-hybrid,2025-09-20 17:23:14
1nmadug,worldnews,Zelenskyy: Seized maps show that Russians deceive ...,Not the best way to win a war when your own higher-ups lie to their soldiers deliberately.,193,macross1984,2025-09-20 17:44:46
1nm2vet,worldnews,Another Russian CEO found dead in mysterious circu...,"American oligarchs better be careful implementing Russian-style kleptocracy here - their Russian counterparts tend to meet some unfortunate fates, especially around windows.",2612,Uberslaughter,2025-09-20 11:53:07
1nm2vet,worldnews,Another Russian CEO found dead in mysterious circu...,"""Unfortunately couldn't miss the ground"", Putin says.",945,ShinyToyHuman,2025-09-20 11:46:19
1nm2vet,worldnews,Another Russian CEO found dead in mysterious circu...,"He was thrown from a helicopter.


So its basically still a windowish strategy here.",4215,Forsaken-Action8051,2025-09-20 11:39:55
1nm2vet,worldnews,Another Russian CEO found dead in mysterious circu...,I hope American CEOs are paying attention and stop kissing the ring of this administration that’s clearly trying to emulate Putin’s style of governing,533,alpastoor,2025-09-20 12:00:38
1nm2vet,worldnews,Another Russian CEO found dead in mysterious circu...,Someone just watched Scarface.,54,Alleandros,2025-09-20 11:47:06
1nmkral,worldnews,Russian warplanes fly into NATO airspace — Czech P...,"Considering how often its happening, i'd say we are well past maybe",5984,OkGeneral3546,2025-09-21 01:37:48
1nmkral,worldnews,Russian warplanes fly into NATO airspace — Czech P...,"Russia wouldn't do shit if we shot down a plane in NATO airspace.

We just have to make sure it's 100% inside our airspace.",1908,Leeroy1042,2025-09-21 01:51:49
1nmkral,worldnews,Russian warplanes fly into NATO airspace — Czech P...,Tbh Russia seems so desperate to make NATO an enemy so they can provoke a broader war. Ignoring the breaches likely makes him more mad :D,1008,joinity,2025-09-21 01:52:03
1nmkral,worldnews,Russian warplanes fly into NATO airspace — Czech P...,Putin is desperate to say that he lost because of NATO and not the Ukrainian people,189,omnibossk,2025-09-21 02:02:01
1nmkral,worldnews,Russian warplanes fly into NATO airspace — Czech P...,"Erm, but here's my
  proposal: Let's get tough. The time for talking is over. Call it
  extreme if you like, but I propose we hit it hard and hit it fast with
  a major -- and I mean _major_ -- leafle...",41,Successful-Duck-367,2025-09-21 02:41:15
1nms2rw,worldnews,"U.K, Canada and Australia formally recognize a Pal...","Interesting how many reactions I have seen seem to be anger from both sides. The pro-Israel side obvious reasons, and pro-Palestine side simply regarding this as an empty symbolic gesture.",1555,stealthybaker,2025-09-21 08:37:45
1nms2rw,worldnews,"U.K, Canada and Australia formally recognize a Pal...","""breaking with the U.S."" is becoming more and more common around the globe. It's the consequence of electing a corrupt clown show that has broken all the rules and laws both domestically and internati...",332,EntrepreneurTop5670,2025-09-21 10:02:38
1nms2rw,worldnews,"U.K, Canada and Australia formally recognize a Pal...","The US has blown up its soft power to influence the rest of the world with its needless trade war and treatment of its traditional allies.

As a result, the rest of the world will increasingly be goin...",836,CMG30,2025-09-21 08:56:07
1nms2rw,worldnews,"U.K, Canada and Australia formally recognize a Pal...","France, Portugal, Belgium, Portugal, Luxembourg and New Zealand to follow",263,Infidel8,2025-09-21 08:38:03
1nms2rw,worldnews,"U.K, Canada and Australia formally recognize a Pal...","""... breaking with the U.S."".

Get used to hearing this.",66,bwbandy,2025-09-21 10:21:16
1nmhus9,worldnews,Zelenskyy announces decision to establish assault ...,Somebody please explain how assault forces are different than regular forces.,1913,badpauly,2025-09-20 22:50:53
1nmhus9,worldnews,Zelenskyy announces decision to establish assault ...,Ukrainian SAS is going to be so insane. They are the most battle hardened forces on the planet at this point.,47,DoomguyFemboi,2025-09-21 05:42:40
1nmhus9,worldnews,Zelenskyy announces decision to establish assault ...,"Defence and assault specialists separated sounds good...If this means it. But it needs men and weapons.


So...more support for ukraine",133,Opposite-Chemistry-0,2025-09-21 01:48:01
1nmhus9,worldnews,Zelenskyy announces decision to establish assault ...,I like how at the last *drone component included *,180,Far_Out_6and_2,2025-09-20 23:15:38
1nmhus9,worldnews,Zelenskyy announces decision to establish assault ...,Godspeed.,190,10v1,2025-09-20 23:26:19
